id_istat,comune,provincia,sigla_prov,temp_media_c,precip_media_mm,deficit_media_mm,vento_media_ms,temp_trend_c_decade,precip_trend_mm_decade,temp_trend_pvalue,precip_trend_pvalue,temp_trend_sig,precip_trend_sig,deficit_trend_mm_decade,deficit_trend_pvalue,deficit_trend_sig,anomalia_estate_trend_c_decade,anomalia_estate_trend_pvalue,anomalia_estate_trend_sig
056001,Acquapendente,Viterbo,VT,13.141242497691598,497.2308171745153,466.7535318559557,2.2228070175438597,0.23,-2.9,0.0,0.5305,True,False,12.5,0.0168,True,0.294,0.0,True
056002,Arlena di Castro,Viterbo,VT,14.661107456140343,406.2428947368422,630.0107894736844,2.6041447368421062,0.235,-4.2,0.0,0.2874,True,False,16.3,0.002,True,0.302,0.0,True
056003,Bagnoregio,Viterbo,VT,13.70782726045884,406.2129554655871,576.8648785425102,2.161816801619433,0.234,-2.3,0.0,0.5376,True,False,14.6,0.0048,True,0.31,0.0,True
056004,Barbarano Romano,Viterbo,VT,14.27302631578947,233.92499999999998,784.601096491228,2.720522660818711,0.24,-2.5,0.0,0.2649,True,False,15.9,0.0001,True,0.322,0.0,True
056005,Bassano Romano,Viterbo,VT,14.088274396929819,187.7177631578947,821.0911184210527,2.7052220394736857,0.245,-1.8,0.0,0.3113,True,False,15.7,0.0,True,0.331,0.0,True
056006,Bassano in Teverina,Viterbo,VT,14.58754385964914,360.0878947368422,638.841052631579,1.9224561403508773,0.242,-2.1,0.0,0.5231,True,False,15.0,0.0021,True,0.336,0.0,True
056007,Blera,Viterbo,VT,14.745961257309936,281.3897368421052,751.7252631578946,2.719546783625731,0.236,-3.7,0.0,0.1894,True,False,16.2,0.0002,True,0.314,0.0,True
056008,Bolsena,Viterbo,VT,13.49094709429825,418.46101973684205,551.5279605263158,2.2722450657894737,0.232,-2.7,0.0,0.4788,True,False,14.5,0.0051,True,0.301,0.0,True
056009,Bomarzo,Viterbo,VT,14.744962993421055,378.27006578947373,624.5495065789476,1.911143092105264,0.24,-2.1,0.0,0.5505,True,False,14.7,0.0034,True,0.327,0.0,True
056010,Calcata,Viterbo,VT,15.002832602339176,328.1907894736842,690.1736842105262,1.9965643274853788,0.254,-2.7,0.0,0.3699,True,False,16.5,0.0004,True,0.362,0.0,True
056011,Canepina,Viterbo,VT,12.7921052631579,326.6863157894737,632.7378947368421,2.5662719298245618,0.244,-1.7,0.0,0.565,True,False,15.4,0.0014,True,0.332,0.0,True
056012,Canino,Viterbo,VT,15.12405701754386,467.2005263157895,591.905701754386,2.801052631578946,0.228,-6.0,0.0,0.2015,True,False,16.4,0.0039,True,0.293,0.0,True
056013,Capodimonte,Viterbo,VT,14.124901315789476,390.8126315789474,607.8447368421055,2.4182894736842107,0.235,-3.2,0.0,0.3872,True,False,15.2,0.0027,True,0.303,0.0,True
056014,Capranica,Viterbo,VT,13.72317023026316,224.35493421052632,772.4041118421052,2.6966145833333317,0.244,-1.9,0.0,0.3747,True,False,15.7,0.0001,True,0.329,0.0,True
056015,Caprarola,Viterbo,VT,13.446314571150097,277.3827485380117,700.9969298245614,2.516045321637427,0.246,-1.8,0.0,0.4962,True,False,15.6,0.0004,True,0.335,0.0,True
056016,Carbognano,Viterbo,VT,13.802543859649123,268.23289473684207,718.0463157894736,2.3476315789473685,0.246,-1.6,0.0,0.5164,True,False,15.4,0.0004,True,0.339,0.0,True
056017,Castel Sant'Elia,Viterbo,VT,15.007250548245615,302.21019736842106,717.1210526315791,2.01186951754386,0.251,-2.3,0.0,0.4087,True,False,16.0,0.0003,True,0.355,0.0,True
056018,Castiglione in Teverina,Viterbo,VT,14.378706140350882,447.19631578947366,542.8360526315789,1.915350877192982,0.233,-2.4,0.0,0.5564,True,False,14.0,0.0091,True,0.312,0.0,True
056019,Celleno,Viterbo,VT,14.124575109649125,360.1486842105264,643.5595394736843,2.149588815789474,0.238,-2.1,0.0,0.5261,True,False,14.7,0.0027,True,0.316,0.0,True
056020,Cellere,Viterbo,VT,14.162694931773881,415.06666666666655,605.3404970760233,2.7118908382066267,0.233,-4.1,0.0,0.3084,True,False,16.0,0.0027,True,0.298,0.0,True
056021,Civita Castellana,Viterbo,VT,15.204358552631575,392.4838345864661,623.4030075187972,1.8173793859649123,0.25,-3.0,0.0,0.4122,True,False,15.9,0.0016,True,0.358,0.0,True
056022,Civitella d'Agliano,Viterbo,VT,14.640656328320805,426.03477443609023,570.2221804511279,1.8802161654135332,0.235,-2.3,0.0,0.5526,True,False,14.3,0.0067,True,0.317,0.0,True
056023,Corchiano,Viterbo,VT,14.809032346491229,336.57598684210524,671.482072368421,1.9334292763157899,0.247,-2.3,0.0,0.4538,True,False,15.5,0.001,True,0.347,0.0,True
056024,Fabrica di Roma,Viterbo,VT,14.597299890350879,290.36315789473684,716.1911184210527,2.071477521929825,0.247,-2.0,0.0,0.4614,True,False,15.5,0.0004,True,0.346,0.0,True
056025,Faleria,Viterbo,VT,15.045620888157886,358.3414473684211,658.5353618421053,1.9186403508771919,0.253,-2.8,0.0,0.3919,True,False,16.4,0.0007,True,0.363,0.0,True
056026,Farnese,Viterbo,VT,13.975798001949322,439.2153508771929,565.2343567251462,2.6165935672514617,0.232,-4.1,0.0,0.3337,True,False,15.5,0.0044,True,0.297,0.0,True
056027,Gallese,Viterbo,VT,14.933497807017549,376.1095394736842,629.916447368421,1.8446134868421056,0.246,-2.6,0.0,0.4428,True,False,15.6,0.0016,True,0.348,0.0,True
056028,Gradoli,Viterbo,VT,13.720550073099412,422.6326754385964,552.5339912280702,2.3575475146198825,0.233,-3.1,0.0,0.4364,True,False,14.7,0.0049,True,0.3,0.0,True
056029,Graffignano,Viterbo,VT,14.866596177944858,419.34924812030073,581.1733082706767,1.8346804511278183,0.237,-2.3,0.0,0.554,True,False,14.3,0.0061,True,0.322,0.0,True
056030,Grotte di Castro,Viterbo,VT,13.57560307017544,434.97412280701747,536.5641812865496,2.3267543859649122,0.233,-3.0,0.0,0.4549,True,False,14.4,0.0062,True,0.299,0.0,True
056031,Ischia di Castro,Viterbo,VT,14.272636093911249,447.3016253869969,570.4360681114551,2.7087654798761593,0.229,-4.8,0.0,0.2761,True,False,15.7,0.0044,True,0.293,0.0,True
056032,Latera,Viterbo,VT,13.291072733918126,432.62434210526317,538.8896929824562,2.518421052631579,0.234,-3.2,0.0,0.4308,True,False,14.8,0.0053,True,0.298,0.0,True
056033,Lubriano,Viterbo,VT,13.688185307017552,427.5098684210526,552.2750000000001,2.121491228070175,0.233,-2.3,0.0,0.5536,True,False,14.4,0.0065,True,0.309,0.0,True
056034,Marta,Viterbo,VT,14.277130325814541,375.3874060150375,629.9428571428571,2.3711309523809527,0.236,-3.1,0.0,0.3869,True,False,15.3,0.0022,True,0.306,0.0,True
056035,Montalto di Castro,Viterbo,VT,15.64011591478696,518.2224937343358,566.8652882205513,3.145765455304929,0.215,-8.7,0.0,0.1087,True,False,15.5,0.0073,True,0.28,0.0,True
056036,Montefiascone,Viterbo,VT,13.891231295149641,366.2943498452012,628.3532507739938,2.312667698658411,0.236,-2.5,0.0,0.4601,True,False,15.0,0.0024,True,0.309,0.0,True
056037,Monte Romano,Viterbo,VT,15.158658854166667,386.7307565789474,663.4504111842107,2.5655084978070173,0.235,-4.9,0.0,0.2053,True,False,16.8,0.001,True,0.308,0.0,True
056038,Monterosi,Viterbo,VT,14.80402960526316,201.99276315789476,821.3990131578946,2.330921052631579,0.251,-1.7,0.0,0.3642,True,False,16.0,0.0,True,0.347,0.0,True
056039,Nepi,Viterbo,VT,14.805979303728071,247.12549342105262,772.1083881578948,2.1848684210526317,0.251,-1.9,0.0,0.4001,True,False,15.9,0.0001,True,0.349,0.0,True
056040,Onano,Viterbo,VT,13.082269736842099,462.9886842105263,497.2413157894736,2.4030921052631578,0.233,-3.1,0.0,0.4761,True,False,13.8,0.0102,True,0.297,0.0,True
056041,Oriolo Romano,Viterbo,VT,14.109484649122802,182.24815789473683,830.4618421052631,2.88353070175439,0.242,-2.0,0.0,0.2452,True,False,15.7,0.0,True,0.324,0.0,True
056042,Orte,Viterbo,VT,14.936398940058481,408.8601973684211,592.4172149122807,1.7849506578947365,0.244,-2.7,0.0,0.4634,True,False,15.4,0.0029,True,0.344,0.0,True
056043,Piansano,Viterbo,VT,14.076388888888891,386.1949561403508,629.7960526315791,2.5884502923976616,0.236,-3.4,0.0,0.3529,True,False,15.7,0.002,True,0.303,0.0,True
056044,Proceno,Viterbo,VT,13.452497563352823,509.66213450292406,459.14444444444456,2.149305555555556,0.231,-3.0,0.0,0.5258,True,False,12.1,0.0201,True,0.295,0.0,True
056045,Ronciglione,Viterbo,VT,14.011494883040932,238.0608552631579,760.9662280701755,2.4538925438596486,0.247,-1.7,0.0,0.4438,True,False,15.6,0.0002,True,0.337,0.0,True
056046,Villa San Giovanni in Tuscia,Viterbo,VT,14.523629385964904,257.1167763157895,769.324342105263,2.5794407894736833,0.24,-2.7,0.0,0.2779,True,False,15.8,0.0002,True,0.32,0.0,True
056047,San Lorenzo Nuovo,Viterbo,VT,13.727850877192983,430.8621052631579,544.7963157894739,2.249517543859649,0.232,-2.9,0.0,0.4633,True,False,14.3,0.006,True,0.298,0.0,True
056048,Soriano nel Cimino,Viterbo,VT,13.968055555555566,331.9700657894737,658.6822368421052,2.169389619883042,0.242,-1.8,0.0,0.5561,True,False,15.0,0.0016,True,0.331,0.0,True
056049,Sutri,Viterbo,VT,14.386677631578948,200.1605263157895,811.0869883040937,2.427765594541911,0.248,-1.6,0.0,0.4038,True,False,15.7,0.0,True,0.34,0.0,True
056050,Tarquinia,Viterbo,VT,15.635964912280699,491.068557168784,587.5941923774955,3.054881276467029,0.224,-8.3,0.0,0.1094,True,False,16.9,0.0029,True,0.294,0.0,True
056051,Tessennano,Viterbo,VT,14.655482456140339,416.3171052631579,620.2934210526316,2.652220394736842,0.234,-4.4,0.0,0.2827,True,False,16.4,0.0023,True,0.301,0.0,True
056052,Tuscania,Viterbo,VT,15.173268809041835,428.815536437247,628.6202429149798,2.6739161605937927,0.232,-5.4,0.0,0.21,True,False,16.8,0.002,True,0.301,0.0,True
056053,Valentano,Viterbo,VT,13.546899920255184,417.19198564593296,571.0685406698565,2.5786981658692194,0.234,-3.4,0.0,0.3967,True,False,15.2,0.0038,True,0.299,0.0,True
056054,Vallerano,Viterbo,VT,13.568245614035089,295.3947368421053,683.3607894736842,2.32844298245614,0.245,-1.6,0.0,0.5483,True,False,15.3,0.0008,True,0.336,0.0,True
056055,Vasanello,Viterbo,VT,14.553591008771933,346.5166666666667,651.7962719298245,1.934064327485381,0.244,-2.2,0.0,0.4883,True,False,15.3,0.0014,True,0.341,0.0,True
056056,Vejano,Viterbo,VT,14.427980462519935,234.18995215311,787.5483253588517,2.8801834130781527,0.236,-3.1,0.0,0.1741,True,False,15.9,0.0001,True,0.316,0.0,True
056057,Vetralla,Viterbo,VT,14.384107327141379,299.4828173374613,723.5630030959753,2.592537409700722,0.239,-3.1,0.0,0.2796,True,False,16.1,0.0004,True,0.318,0.0,True
056058,Vignanello,Viterbo,VT,14.111924342105269,284.6615131578947,708.2644736842105,2.1523026315789466,0.245,-1.7,0.0,0.5191,True,False,15.2,0.0006,True,0.338,0.0,True
056059,Viterbo,Viterbo,VT,14.238381668456858,344.3559076262083,668.4536251342641,2.335257787325457,0.238,-2.6,0.0,0.4114,True,False,15.3,0.0014,True,0.316,0.0,True
056060,Vitorchiano,Viterbo,VT,14.047916666666666,343.28815789473686,653.9753289473686,2.19091282894737,0.24,-1.9,0.0,0.5486,True,False,14.9,0.0021,True,0.324,0.0,True
057001,Accumoli,Rieti,RI,8.677981612685558,874.130971659919,149.7259109311741,3.100733805668015,0.233,1.9,0.0,0.7547,True,False,4.5,0.244,False,0.275,0.0,True
057002,Amatrice,Rieti,RI,8.206790413533838,879.0248120300752,139.95714285714286,3.2965956558061813,0.236,1.7,0.0,0.7849,True,False,4.2,0.247,False,0.277,0.0,True
057003,Antrodoco,Rieti,RI,9.232938596491232,798.3043421052631,195.48328947368418,3.037741228070176,0.249,-0.9,0.0,0.889,True,False,8.1,0.0769,False,0.326,0.0,True
057004,Ascrea,Rieti,RI,11.461979166666673,720.1186403508773,281.49583333333334,2.2736842105263158,0.254,-2.7,0.0,0.7036,True,False,10.5,0.068,False,0.366,0.0,True
057005,Belmonte in Sabina,Rieti,RI,12.758607456140348,663.8228070175439,334.1418859649123,1.9252558479532151,0.252,-2.9,0.0,0.6366,True,False,11.5,0.0477,True,0.363,0.0,True
057006,Borbona,Rieti,RI,9.567859100877198,811.185197368421,184.5125,2.799958881578947,0.244,0.1,0.0,0.9839,True,False,7.3,0.0943,False,0.31,0.0,True
057007,Borgorose,Rieti,RI,8.945026193957116,825.0815789473685,202.84714912280702,3.2087841130604287,0.261,-2.3,0.0,0.7489,True,False,7.9,0.099,False,0.335,0.0,True
057008,Borgo Velino,Rieti,RI,9.468648182957395,787.6291353383459,202.506954887218,3.052944862155389,0.249,-1.8,0.0,0.7921,True,False,9.1,0.0572,False,0.336,0.0,True
057009,Cantalice,Rieti,RI,10.463048245614035,737.7213815789476,251.95427631578949,2.8646381578947366,0.247,-2.9,0.0,0.6446,True,False,9.8,0.0444,True,0.339,0.0,True
057010,Cantalupo in Sabina,Rieti,RI,15.21515899122808,545.7746710526317,474.63947368421054,1.612116228070175,0.252,-3.6,0.0,0.4707,True,False,13.8,0.0129,True,0.368,0.0,True
057011,Casaprota,Rieti,RI,13.620263157894737,628.6721052631578,383.2323684210526,1.813947368421052,0.255,-2.9,0.0,0.6202,True,False,12.4,0.035,True,0.374,0.0,True
057012,Casperia,Rieti,RI,13.395822368421054,554.531052631579,431.646052631579,1.9974780701754398,0.251,-3.3,0.0,0.5199,True,False,14.1,0.0157,True,0.365,0.0,True
057013,Castel di Tora,Rieti,RI,11.376140350877197,719.9628947368423,279.8310526315789,2.2971271929824555,0.255,-2.7,0.0,0.7063,True,False,10.4,0.0681,False,0.368,0.0,True
057014,Castelnuovo di Farfa,Rieti,RI,14.897350146198832,613.8421052631579,423.9552631578947,1.6255116959064322,0.256,-3.3,0.0,0.5613,True,False,12.9,0.0217,True,0.378,0.0,True
057015,Castel Sant'Angelo,Rieti,RI,10.629855019493178,766.7488304093567,231.72836257309942,2.6025950292397657,0.249,-2.2,0.0,0.7439,True,False,9.5,0.0601,False,0.342,0.0,True
057016,Cittaducale,Rieti,RI,11.317661943319838,738.9222672064777,262.3980769230769,2.405617408906882,0.249,-2.5,0.0,0.7005,True,False,10.1,0.0565,False,0.345,0.0,True
057017,Cittareale,Rieti,RI,9.262674441786286,838.3211722488038,167.9623205741627,2.897916666666666,0.239,0.7,0.0,0.9098,True,False,6.3,0.1307,False,0.296,0.0,True
057018,Collalto Sabino,Rieti,RI,11.442084703947366,768.0253289473683,262.44013157894744,2.1811677631578945,0.257,-2.9,0.0,0.6957,True,False,9.2,0.0993,False,0.362,0.0,True
057019,Colle di Tora,Rieti,RI,11.891173245614043,702.6098684210526,299.1506578947368,2.152192982456139,0.255,-2.7,0.0,0.6911,True,False,10.8,0.065,False,0.371,0.0,True
057020,Collegiove,Rieti,RI,11.119462719298243,752.669298245614,260.4206140350878,2.3175804093567263,0.255,-2.7,0.0,0.7123,True,False,9.6,0.0847,False,0.363,0.0,True
057021,Collevecchio,Rieti,RI,15.242094298245604,470.1957894736843,539.4944736842107,1.6771271929824567,0.25,-3.5,0.0,0.4181,True,False,15.6,0.0048,True,0.362,0.0,True
057022,Colli sul Velino,Rieti,RI,12.760709064327486,620.6162280701756,357.9188596491228,1.9868969298245613,0.245,-3.7,0.0,0.4889,True,False,12.8,0.0255,True,0.346,0.0,True
057023,Concerviano,Rieti,RI,12.034813596491228,716.6700292397659,288.671783625731,2.072441520467836,0.252,-2.8,0.0,0.6854,True,False,10.4,0.0661,False,0.358,0.0,True
057024,Configni,Rieti,RI,13.355866228070177,515.902850877193,456.8666666666666,1.953581871345029,0.246,-3.3,0.0,0.4793,True,False,14.9,0.0103,True,0.354,0.0,True
057025,Contigliano,Rieti,RI,12.425722687400322,619.9136363636366,353.7734449760765,2.1002990430622015,0.248,-3.4,0.0,0.5324,True,False,12.8,0.0269,True,0.355,0.0,True
057026,Cottanello,Rieti,RI,11.998259320175443,579.5003289473685,378.6197368421053,2.280139802631579,0.247,-3.4,0.0,0.5115,True,False,14.0,0.0176,True,0.355,0.0,True
057027,Fara in Sabina,Rieti,RI,15.36074013157894,633.0026315789474,428.20184210526315,1.6035526315789457,0.258,-3.7,0.0,0.5276,True,False,13.1,0.0167,True,0.38,0.0,True
057028,Fiamignano,Rieti,RI,9.611924342105263,798.4875000000001,212.49577067669173,2.8847822681704267,0.255,-1.7,0.0,0.8116,True,False,8.8,0.0754,False,0.336,0.0,True
057029,Forano,Rieti,RI,15.274150219298255,534.1870614035089,484.8782894736842,1.6184393274853797,0.252,-3.6,0.0,0.4568,True,False,14.1,0.0111,True,0.368,0.0,True
057030,Frasso Sabino,Rieti,RI,14.065816885964914,648.2223684210526,383.54013157894735,1.7135416666666692,0.257,-3.0,0.0,0.6212,True,False,12.2,0.0339,True,0.377,0.0,True
057031,Greccio,Rieti,RI,12.102960526315789,620.7953947368422,344.04177631578943,2.1949835526315784,0.247,-3.6,0.0,0.5079,True,False,12.9,0.0251,True,0.351,0.0,True
057032,Labro,Rieti,RI,13.044270833333332,626.4355263157893,357.5230263157894,1.8872807017543862,0.244,-3.7,0.0,0.4897,True,False,12.5,0.0278,True,0.343,0.0,True
057033,Leonessa,Rieti,RI,8.842381877990432,800.9715909090909,185.79455741626796,3.2723185805422648,0.243,-1.8,0.0,0.7759,True,False,8.6,0.0567,False,0.321,0.0,True
057034,Longone Sabino,Rieti,RI,12.193071546052632,703.114144736842,299.50213815789476,2.043914473684211,0.252,-2.8,0.0,0.6708,True,False,10.7,0.0609,False,0.359,0.0,True
057035,Magliano Sabina,Rieti,RI,15.28302494517543,450.08881578947376,559.3235197368422,1.6916392543859649,0.248,-3.4,0.0,0.4103,True,False,15.8,0.0035,True,0.357,0.0,True
057036,Marcetelli,Rieti,RI,10.878988486842106,750.4519736842107,253.0289473684211,2.391611842105264,0.255,-2.6,0.0,0.7217,True,False,9.8,0.0755,False,0.361,0.0,True
057037,Micigliano,Rieti,RI,8.729666940789475,807.9705592105263,177.89210526315787,3.3684210526315796,0.247,-1.7,0.0,0.8048,True,False,8.0,0.0674,False,0.329,0.0,True
057038,Mompeo,Rieti,RI,13.931063596491228,607.808947368421,406.43315789473684,1.7970833333333325,0.255,-3.0,0.0,0.5953,True,False,12.8,0.0281,True,0.375,0.0,True
057039,Montasola,Rieti,RI,12.541072733918133,562.3464912280702,404.91798245614035,2.1719480994152063,0.25,-3.2,0.0,0.5296,True,False,14.2,0.0164,True,0.361,0.0,True
057040,Montebuono,Rieti,RI,14.501297514619878,469.35526315789474,523.0008771929824,1.7690789473684216,0.248,-3.2,0.0,0.4469,True,False,15.6,0.005,True,0.359,0.0,True
057041,Monteleone Sabino,Rieti,RI,13.48481359649123,661.5057017543858,360.32807017543865,1.8022295321637438,0.256,-2.9,0.0,0.6427,True,False,11.7,0.0442,True,0.374,0.0,True
057042,Montenero Sabino,Rieti,RI,12.889775219298246,626.6850877192982,364.78684210526313,1.9658442982456144,0.253,-2.9,0.0,0.6207,True,False,12.4,0.0373,True,0.369,0.0,True
057043,Monte San Giovanni in Sabina,Rieti,RI,12.296792763157898,617.5042763157893,358.1751644736843,2.16450109649123,0.252,-3.0,0.0,0.5984,True,False,12.9,0.0316,True,0.367,0.0,True
057044,Montopoli di Sabina,Rieti,RI,15.088784461152882,592.890977443609,444.7958646616541,1.6562499999999987,0.256,-3.6,0.0,0.5127,True,False,13.4,0.0163,True,0.376,0.0,True
057045,Morro Reatino,Rieti,RI,11.574013157894733,686.3210526315789,296.7657894736842,2.3948464912280687,0.244,-3.5,0.0,0.5455,True,False,11.9,0.0286,True,0.339,0.0,True
057046,Nespolo,Rieti,RI,11.124981725146204,767.67850877193,253.20219298245618,2.2583333333333324,0.257,-2.9,0.0,0.6966,True,False,9.2,0.0955,False,0.36,0.0,True
057047,Orvinio,Rieti,RI,11.580436769005845,708.1690789473683,290.30438596491234,2.2389071637426885,0.257,-2.7,0.0,0.6992,True,False,10.3,0.0736,False,0.374,0.0,True
057048,Paganico Sabino,Rieti,RI,11.450328947368419,741.4444078947367,272.3618421052631,2.227741228070176,0.255,-2.7,0.0,0.7104,True,False,9.6,0.0885,False,0.367,0.0,True
057049,Pescorocchiano,Rieti,RI,10.712221659919026,793.8836032388664,233.1902834008097,2.3910846828609986,0.258,-2.5,0.0,0.7303,True,False,9.0,0.0898,False,0.347,0.0,True
057050,Petrella Salto,Rieti,RI,10.66184210526316,769.8966666666666,240.735,2.5633114035087723,0.253,-2.3,0.0,0.7503,True,False,9.5,0.0701,False,0.348,0.0,True
057051,Poggio Bustone,Rieti,RI,10.733771929824561,727.3793859649123,257.76929824561404,2.7072002923976597,0.246,-3.1,0.0,0.6164,True,False,10.9,0.0341,True,0.338,0.0,True
057052,Poggio Catino,Rieti,RI,14.043411915204684,566.9028508771929,437.2844298245614,1.8510051169590642,0.253,-3.3,0.0,0.5326,True,False,13.7,0.0183,True,0.37,0.0,True
057053,Poggio Mirteto,Rieti,RI,14.677948343079926,581.7847953216374,440.533187134503,1.7382675438596484,0.255,-3.5,0.0,0.5164,True,False,13.5,0.0172,True,0.373,0.0,True
057054,Poggio Moiano,Rieti,RI,13.04566885964913,675.1373355263157,342.8555921052632,1.906661184210527,0.256,-2.9,0.0,0.6575,True,False,11.5,0.0483,True,0.374,0.0,True
057055,Poggio Nativo,Rieti,RI,14.202535635964914,635.0276315789474,395.6450657894737,1.7113212719298259,0.257,-3.0,0.0,0.6107,True,False,12.5,0.0298,True,0.379,0.0,True
057056,Poggio San Lorenzo,Rieti,RI,13.467927631578947,645.4753289473684,368.6924342105263,1.8150219298245616,0.255,-2.9,0.0,0.6322,True,False,12.0,0.0399,True,0.373,0.0,True
057057,Posta,Rieti,RI,9.0882355628655,816.3115131578946,176.95932017543862,3.096052631578947,0.244,-0.7,0.0,0.914,True,False,7.3,0.0889,False,0.314,0.0,True
057058,Pozzaglia Sabina,Rieti,RI,11.655394736842103,727.3097368421052,282.4381578947369,2.1717324561403504,0.255,-2.8,0.0,0.7006,True,False,9.9,0.084,False,0.37,0.0,True
057059,Rieti,Rieti,RI,12.247893675721562,663.543039049236,326.12491511035654,2.1610038200339563,0.249,-3.1,0.0,0.5975,True,False,11.7,0.0364,True,0.353,0.0,True
057060,Rivodutri,Rieti,RI,11.48115601503759,696.3323308270677,289.7958646616542,2.4426221804511274,0.245,-3.4,0.0,0.5617,True,False,11.7,0.0285,True,0.339,0.0,True
057061,Roccantica,Rieti,RI,13.27919407894737,572.5980263157894,416.31052631578956,2.0478252923976616,0.252,-3.3,0.0,0.5311,True,False,13.9,0.0177,True,0.367,0.0,True
057062,Rocca Sinibalda,Rieti,RI,11.898903508771932,707.2261842105264,295.26657894736843,2.1491337719298245,0.253,-2.7,0.0,0.6883,True,False,10.7,0.0616,False,0.364,0.0,True
057063,Salisano,Rieti,RI,13.238300438596491,598.8594736842103,396.6565789473685,1.993311403508772,0.254,-3.0,0.0,0.5887,True,False,13.3,0.0263,True,0.373,0.0,True
057064,Scandriglia,Rieti,RI,12.67216282894737,670.7606359649125,338.3252192982456,2.0579861111111106,0.258,-2.8,0.0,0.6622,True,False,11.6,0.0431,True,0.378,0.0,True
057065,Selci,Rieti,RI,14.979687500000011,523.4993421052633,487.24078947368423,1.6486293859649135,0.252,-3.4,0.0,0.4708,True,False,14.2,0.0118,True,0.366,0.0,True
057066,Stimigliano,Rieti,RI,15.354210526315788,514.0105263157895,502.4726315789474,1.6283991228070174,0.251,-3.7,0.0,0.4368,True,False,14.6,0.0087,True,0.366,0.0,True
057067,Tarano,Rieti,RI,14.958456688596497,492.75296052631575,511.57434210526327,1.6742598684210535,0.25,-3.4,0.0,0.4483,True,False,15.0,0.0073,True,0.364,0.0,True
057068,Toffia,Rieti,RI,14.664610745614034,622.439802631579,415.38552631578943,1.6690241228070173,0.257,-3.2,0.0,0.5809,True,False,12.9,0.0231,True,0.38,0.0,True
057069,Torricella in Sabina,Rieti,RI,12.89597039473684,671.7166666666667,336.59780701754386,1.9010782163742679,0.254,-2.9,0.0,0.6548,True,False,11.4,0.0509,False,0.369,0.0,True
057070,Torri in Sabina,Rieti,RI,14.021381578947372,516.8984962406015,472.087030075188,1.8341948621553894,0.25,-3.2,0.0,0.4887,True,False,14.7,0.0107,True,0.362,0.0,True
057071,Turania,Rieti,RI,11.93389528508772,750.6592105263157,282.2644736842105,2.0717379385964905,0.256,-2.9,0.0,0.6981,True,False,9.3,0.105,False,0.37,0.0,True
057072,Vacone,Rieti,RI,13.523684210526318,510.2942982456141,465.28421052631575,1.9284722222222233,0.249,-3.1,0.0,0.4972,True,False,15.0,0.0097,True,0.359,0.0,True
057073,Varco Sabino,Rieti,RI,11.301668233082706,747.1238721804513,261.91052631578947,2.2671365914786965,0.254,-2.6,0.0,0.7182,True,False,9.8,0.0787,False,0.362,0.0,True
058001,Affile,Roma,RM,12.503714364035083,846.5523026315789,280.77828947368425,2.0540021929824563,0.263,-3.7,0.0,0.6566,True,False,6.6,0.2171,False,0.377,0.0,True
058002,Agosta,Roma,RM,12.925493421052632,845.4368421052629,289.33684210526314,1.8319353070175448,0.259,-3.8,0.0,0.6485,True,False,6.9,0.2139,False,0.373,0.0,True
058003,Albano Laziale,Roma,RM,15.15346308479532,769.9510964912282,407.4725877192982,2.440953947368419,0.252,-9.2,0.0,0.2238,True,False,12.0,0.0175,True,0.352,0.0,True
058004,Allumiere,Roma,RM,15.014546783625727,377.10728070175435,675.4229824561403,3.1954385964912286,0.223,-6.7,0.0,0.0909,True,False,16.8,0.0006,True,0.294,0.0,True
058005,Anguillara Sabazia,Roma,RM,15.3385316985646,233.31255980861252,811.8619617224881,2.548036283891548,0.25,-2.7,0.0,0.2254,True,False,16.7,0.0,True,0.339,0.0,True
058006,Anticoli Corrado,Roma,RM,12.944440789473683,796.5447368421054,304.90973684210525,1.8983991228070174,0.258,-3.3,0.0,0.6731,True,False,8.2,0.148,False,0.376,0.0,True
058007,Anzio,Roma,RM,16.36544834307992,752.6796052631579,384.5723684210526,2.9114766081871335,0.21,-15.6,0.0,0.0654,True,False,9.0,0.0378,True,0.28,0.0,True
058008,Arcinazzo Romano,Roma,RM,11.367478070175434,808.1013157894738,265.61394736842107,2.3533333333333335,0.264,-3.4,0.0,0.6708,True,False,7.5,0.1643,False,0.376,0.0,True
058009,Ariccia,Roma,RM,15.098149671052632,783.1340460526317,401.5348684210526,2.477768640350875,0.25,-9.4,0.0,0.2191,True,False,11.4,0.023,True,0.348,0.0,True
058010,Arsoli,Roma,RM,12.23426535087718,786.5236842105264,291.0342105263157,2.007931286549707,0.258,-3.4,0.0,0.6676,True,False,8.3,0.1445,False,0.371,0.0,True
058011,Artena,Roma,RM,14.575822368421056,892.5198245614034,333.08377192982454,2.044254385964912,0.262,-6.0,0.0,0.4879,True,False,6.8,0.1807,False,0.378,0.0,True
058012,Bellegra,Roma,RM,13.314990601503752,859.8334586466165,292.8804511278195,1.833489974937342,0.26,-3.7,0.0,0.6579,True,False,6.4,0.2376,False,0.379,0.0,True
058013,Bracciano,Roma,RM,14.955158991228066,205.8380263157895,832.8578289473684,2.8457894736842118,0.241,-2.8,0.0,0.1659,True,False,16.0,0.0,True,0.323,0.0,True
058014,Camerata Nuova,Roma,RM,8.457119360902256,761.9795112781956,224.83383458646614,3.4076597744360897,0.265,-3.5,0.0,0.6382,True,False,9.5,0.0673,False,0.365,0.0,True
058015,Campagnano di Roma,Roma,RM,14.940740131578952,261.76249999999993,764.1246052631578,2.23141447368421,0.254,-2.4,0.0,0.3358,True,False,16.6,0.0001,True,0.357,0.0,True
058016,Canale Monterano,Roma,RM,14.632362155388469,213.33308270676693,815.3874060150376,2.9984649122807037,0.234,-3.2,0.0,0.1385,True,False,15.7,0.0,True,0.312,0.0,True
058017,Canterano,Roma,RM,13.264473684210518,865.9769736842104,288.8493421052632,1.7631578947368418,0.26,-3.9,0.0,0.6491,True,False,6.4,0.2437,False,0.376,0.0,True
058018,Capena,Roma,RM,15.636001461988306,546.9742690058479,505.42485380116955,1.728959551656919,0.26,-4.1,0.0,0.4209,True,False,15.5,0.0044,True,0.378,0.0,True
058019,Capranica Prenestina,Roma,RM,12.708899853801164,763.7495614035089,311.94890350877193,2.1737573099415215,0.261,-3.2,0.0,0.667,True,False,8.8,0.1081,False,0.383,0.0,True
058020,Carpineto Romano,Roma,RM,12.078108130904186,845.3340080971659,269.81548582995947,2.7856022267206466,0.265,-5.0,0.0,0.5534,True,False,7.5,0.1282,False,0.385,0.0,True
058021,Casape,Roma,RM,13.450475146198825,759.4302631578947,335.0043859649122,2.024342105263158,0.262,-3.6,0.0,0.6284,True,False,9.5,0.0848,False,0.384,0.0,True
058022,Castel Gandolfo,Roma,RM,14.94423245614035,739.4047368421054,410.5781578947368,2.41548245614035,0.256,-8.1,0.0,0.2628,True,False,13.0,0.012,True,0.359,0.0,True
058023,Castel Madama,Roma,RM,14.110205200501253,770.1520676691731,348.0625939849624,1.8407424812030062,0.262,-3.6,0.0,0.6277,True,False,9.6,0.0817,False,0.386,0.0,True
058024,Castelnuovo di Porto,Roma,RM,15.45665570175438,488.2411842105263,560.442105263158,1.8735087719298242,0.26,-3.9,0.0,0.393,True,False,16.1,0.0017,True,0.377,0.0,True
058025,Castel San Pietro Romano,Roma,RM,13.52552997076024,780.6074561403508,330.9026315789474,2.079312865497076,0.263,-3.8,0.0,0.6125,True,False,8.7,0.1046,False,0.383,0.0,True
058026,Cave,Roma,RM,14.1328007518797,875.8133458646616,319.1614661654136,1.9126879699248123,0.263,-4.4,0.0,0.6014,True,False,6.7,0.2001,False,0.383,0.0,True
058027,Cerreto Laziale,Roma,RM,12.834999999999994,788.5076315789474,305.1344736842105,1.9942543859649118,0.259,-3.3,0.0,0.6742,True,False,8.2,0.1446,False,0.379,0.0,True
058028,Cervara di Roma,Roma,RM,10.935056390977438,784.6353383458645,268.87875939849624,2.5000313283208024,0.261,-3.5,0.0,0.6546,True,False,8.6,0.1198,False,0.37,0.0,True
058029,Cerveteri,Roma,RM,15.61026509287926,373.44520123839015,697.8926470588235,3.0923439112487103,0.229,-6.9,0.0,0.0753,True,False,17.5,0.0002,True,0.304,0.0,True
058030,Ciciliano,Roma,RM,12.93404605263158,766.485307017544,316.7320175438596,2.0230080409356717,0.26,-3.2,0.0,0.6708,True,False,8.9,0.112,False,0.381,0.0,True
058031,Cineto Romano,Roma,RM,12.858881578947361,763.3782894736843,308.69210526315794,1.9253563596491217,0.258,-3.1,0.0,0.6833,True,False,9.1,0.1112,False,0.377,0.0,True
058032,Civitavecchia,Roma,RM,15.652692495126708,506.3184210526316,580.9811403508771,3.311232943469785,0.213,-10.4,0.0,0.0607,True,False,16.2,0.0026,True,0.282,0.0,True
058033,Civitella San Paolo,Roma,RM,15.389163011695908,506.0732456140351,523.2122807017544,1.7248903508771924,0.256,-3.7,0.0,0.4301,True,False,15.5,0.0054,True,0.374,0.0,True
058034,Colleferro,Roma,RM,14.298433583959909,927.9571428571428,313.9926691729323,1.992371553884711,0.263,-5.1,0.0,0.5697,True,False,6.1,0.2368,False,0.383,0.0,True
058035,Colonna,Roma,RM,15.074561403508772,792.9730263157893,384.66710526315785,1.990652412280701,0.264,-5.7,0.0,0.46,True,False,10.4,0.0461,True,0.382,0.0,True
058036,Fiano Romano,Roma,RM,15.793832236842102,600.3769736842105,466.47499999999997,1.6341968201754373,0.259,-4.2,0.0,0.4521,True,False,14.3,0.0079,True,0.379,0.0,True
058037,Filacciano,Roma,RM,15.406455592105267,525.8197368421053,496.34802631578947,1.6412006578947365,0.253,-3.7,0.0,0.4415,True,False,14.4,0.0092,True,0.371,0.0,True
058038,Formello,Roma,RM,15.351362781954888,377.10921052631574,666.2172932330828,2.174404761904762,0.258,-3.7,0.0,0.3003,True,False,17.6,0.0004,True,0.364,0.0,True
058039,Frascati,Roma,RM,15.718763706140356,810.8407894736844,400.58486842105265,2.0174342105263157,0.262,-7.5,0.0,0.3382,True,False,10.9,0.0347,True,0.373,0.0,True
058040,Gallicano nel Lazio,Roma,RM,15.520650584795318,856.7861842105264,366.0059210526315,1.7488669590643269,0.265,-5.4,0.0,0.5106,True,False,8.1,0.1195,False,0.386,0.0,True
058041,Gavignano,Roma,RM,14.63215460526316,1021.5043859649126,298.6039473684211,1.7856542397660817,0.264,-5.8,0.0,0.5572,True,False,5.1,0.3219,False,0.385,0.0,True
058042,Genazzano,Roma,RM,14.543932748538007,948.3967105263158,307.5144736842105,1.743987573099415,0.262,-4.6,0.0,0.6139,True,False,5.4,0.3083,False,0.383,0.0,True
058043,Genzano di Roma,Roma,RM,15.293338815789474,820.5629385964912,391.3714912280702,2.371966374269005,0.249,-9.4,0.0,0.2395,True,False,9.9,0.0433,True,0.347,0.0,True
058044,Gerano,Roma,RM,13.155135233918111,826.271052631579,296.94122807017544,1.8610014619883026,0.259,-3.5,0.0,0.6696,True,False,7.0,0.2021,False,0.378,0.0,True
058045,Gorga,Roma,RM,12.248530701754385,868.6986842105264,273.83263157894737,2.5680263157894734,0.265,-4.8,0.0,0.5755,True,False,7.1,0.1535,False,0.386,0.0,True
058046,Grottaferrata,Roma,RM,14.621472953216383,720.1951754385967,406.15438596491225,2.31593567251462,0.261,-6.5,0.0,0.3535,True,False,13.1,0.0128,True,0.371,0.0,True
058047,Guidonia Montecelio,Roma,RM,15.936759868421053,788.0083646616542,391.4277255639098,1.6732847744360897,0.265,-4.9,0.0,0.5169,True,False,10.8,0.0407,True,0.39,0.0,True
058048,Jenne,Roma,RM,10.07081766917293,798.5479323308272,240.18458646616543,2.810385338345863,0.265,-3.4,0.0,0.6635,True,False,8.3,0.1123,False,0.372,0.0,True
058049,Labico,Roma,RM,14.418503289473682,833.0964912280702,344.56162280701756,1.9612024853801173,0.264,-5.1,0.0,0.5241,True,False,7.9,0.1248,False,0.382,0.0,True
058050,Lanuvio,Roma,RM,15.781359649122809,866.6472222222224,393.98304093567253,2.36240253411306,0.242,-11.1,0.0,0.1918,True,False,8.7,0.069,False,0.336,0.0,True
058051,Licenza,Roma,RM,11.799539473684204,698.3873684210527,300.6728947368422,2.281162280701753,0.259,-2.7,0.0,0.6942,True,False,10.8,0.0604,False,0.38,0.0,True
058052,Magliano Romano,Roma,RM,14.884685672514616,323.4287280701754,696.2765350877193,2.0614583333333325,0.256,-2.7,0.0,0.3648,True,False,16.7,0.0003,True,0.366,0.0,True
058053,Mandela,Roma,RM,13.21069078947368,754.9105263157895,315.6743421052632,1.8604440789473684,0.259,-3.1,0.0,0.6736,True,False,9.4,0.0961,False,0.38,0.0,True
058054,Manziana,Roma,RM,14.681015037593982,189.93101503759402,841.2736842105262,3.0257205513784475,0.235,-2.8,0.0,0.1408,True,False,15.5,0.0,True,0.314,0.0,True
058055,Marano Equo,Roma,RM,12.687481725146199,802.7333333333335,298.344298245614,1.9555555555555557,0.258,-3.4,0.0,0.6724,True,False,7.9,0.1637,False,0.375,0.0,True
058056,Marcellina,Roma,RM,15.122944078947368,772.1759868421052,373.15855263157897,1.7243969298245596,0.264,-3.8,0.0,0.6118,True,False,10.3,0.0594,False,0.391,0.0,True
058057,Marino,Roma,RM,15.21746710526316,761.9600000000002,411.98473684210524,2.367017543859648,0.256,-8.7,0.0,0.2438,True,False,12.5,0.015,True,0.359,0.0,True
058058,Mazzano Romano,Roma,RM,14.95697490253411,304.22207602339176,715.7194444444445,2.055384990253411,0.253,-2.5,0.0,0.3758,True,False,16.4,0.0003,True,0.359,0.0,True
058059,Mentana,Roma,RM,15.808670112781952,695.8319548872181,417.11503759398494,1.6847431077694242,0.265,-4.6,0.0,0.4902,True,False,13.5,0.0111,True,0.389,0.0,True
058060,Monte Compatri,Roma,RM,15.184053884711776,791.909022556391,388.5531954887218,2.016541353383458,0.264,-6.0,0.0,0.4349,True,False,10.7,0.0394,True,0.381,0.0,True
058061,Monteflavio,Roma,RM,12.93100877192983,659.7855263157895,354.2736842105263,2.0683771929824566,0.26,-2.9,0.0,0.655,True,False,12.3,0.0345,True,0.382,0.0,True
058062,Montelanico,Roma,RM,13.100098684210526,887.9521052631578,286.9273684210526,2.412214912280702,0.264,-5.3,0.0,0.5435,True,False,6.8,0.1743,False,0.382,0.0,True
058063,Montelibretti,Roma,RM,15.679788011695905,669.4308479532164,419.4026315789473,1.5894249512670549,0.261,-4.1,0.0,0.5135,True,False,13.0,0.0148,True,0.384,0.0,True
058064,Monte Porzio Catone,Roma,RM,15.330907346491237,788.582894736842,397.2746710526316,2.028179824561403,0.263,-6.4,0.0,0.4042,True,False,11.1,0.0326,True,0.378,0.0,True
058065,Monterotondo,Roma,RM,15.931915726817039,667.4152255639099,429.34379699248115,1.6647243107769427,0.263,-4.7,0.0,0.4528,True,False,14.2,0.0076,True,0.386,0.0,True
058066,Montorio Romano,Roma,RM,13.988907163742695,661.3614035087719,380.223245614035,1.8272478070175442,0.26,-3.1,0.0,0.6198,True,False,12.4,0.0289,True,0.383,0.0,True
058067,Moricone,Roma,RM,14.981766917293239,675.921052631579,399.6624060150376,1.6822055137844607,0.261,-3.6,0.0,0.5727,True,False,12.6,0.0219,True,0.385,0.0,True
058068,Morlupo,Roma,RM,15.246838450292396,440.5960526315789,589.6820175438596,1.9001461988304087,0.259,-3.6,0.0,0.3859,True,False,16.6,0.0015,True,0.375,0.0,True
058069,Nazzano,Roma,RM,15.435946637426902,530.6320175438597,499.0280701754385,1.6679459064327482,0.256,-3.8,0.0,0.4441,True,False,14.7,0.0081,True,0.374,0.0,True
058070,Nemi,Roma,RM,14.355509868421061,738.6746710526317,389.6680921052632,2.5106907894736827,0.255,-7.3,0.0,0.3122,True,False,12.1,0.0184,True,0.359,0.0,True
058071,Nerola,Roma,RM,14.552997076023388,649.5500000000001,399.60833333333335,1.696820175438596,0.259,-3.3,0.0,0.5951,True,False,12.6,0.025,True,0.382,0.0,True
058072,Nettuno,Roma,RM,16.405359100877188,861.3604166666665,420.53903508771936,2.8150584795321634,0.215,-14.9,0.0,0.0857,True,False,8.5,0.0497,True,0.289,0.0,True
058073,Olevano Romano,Roma,RM,14.00723684210526,923.9789473684212,295.67575187969925,1.7581610275689221,0.262,-4.2,0.0,0.6383,True,False,5.5,0.3004,False,0.381,0.0,True
058074,Palestrina,Roma,RM,14.184673489278756,810.1209064327485,343.2423976608187,1.990472709551657,0.264,-4.7,0.0,0.5495,True,False,8.3,0.1096,False,0.382,0.0,True
058075,Palombara Sabina,Roma,RM,14.219924159356724,682.6701754385964,379.0357456140351,1.9060763888888894,0.262,-3.6,0.0,0.5856,True,False,12.5,0.0233,True,0.387,0.0,True
058076,Percile,Roma,RM,12.128629385964905,720.6834210526315,298.7344736842106,2.113464912280701,0.258,-2.8,0.0,0.6925,True,False,10.0,0.0811,False,0.377,0.0,True
058077,Pisoniano,Roma,RM,12.696354166666655,784.8934210526317,301.2901315789474,2.0782894736842112,0.26,-3.2,0.0,0.6765,True,False,8.0,0.1434,False,0.38,0.0,True
058078,Poli,Roma,RM,13.343530701754384,772.2526315789474,327.96644736842103,2.096326754385965,0.262,-3.7,0.0,0.6257,True,False,8.9,0.0998,False,0.383,0.0,True
058079,Pomezia,Roma,RM,16.10493842780027,748.6222744360903,389.40000000000003,2.805743927125506,0.228,-14.5,0.0,0.0733,True,False,11.6,0.0141,True,0.308,0.0,True
058080,Ponzano Romano,Roma,RM,15.376352339181283,500.3313596491228,516.5969298245615,1.6553179824561406,0.252,-3.7,0.0,0.427,True,False,15.0,0.0068,True,0.367,0.0,True
058081,Riano,Roma,RM,15.72735745614035,549.7571428571429,507.74699248120305,1.8142073934837089,0.262,-4.5,0.0,0.3834,True,False,16.2,0.0032,True,0.38,0.0,True
058082,Rignano Flaminio,Roma,RM,15.009844924812025,391.5364661654136,627.3627819548872,1.9190632832080188,0.256,-3.2,0.0,0.3879,True,False,16.7,0.001,True,0.37,0.0,True
058083,Riofreddo,Roma,RM,12.150274122807009,755.6736842105263,294.1177631578946,2.048081140350877,0.257,-3.0,0.0,0.6929,True,False,9.0,0.1185,False,0.373,0.0,True
058084,Rocca Canterano,Roma,RM,12.755071271929822,823.9638157894736,292.43179824561395,1.9376461988304088,0.259,-3.6,0.0,0.6622,True,False,7.3,0.1912,False,0.376,0.0,True
058085,Rocca di Cave,Roma,RM,13.73396381578947,862.3861842105264,307.7917763157895,1.9435581140350875,0.262,-4.0,0.0,0.6317,True,False,6.6,0.2118,False,0.383,0.0,True
058086,Rocca di Papa,Roma,RM,13.64030975877193,702.2243421052633,377.00065789473683,2.4772478070175428,0.262,-5.4,0.0,0.4276,True,False,12.6,0.0168,True,0.372,0.0,True
058087,Roccagiovine,Roma,RM,12.639761513157891,712.6115131578947,319.2944078947369,2.09185855263158,0.26,-2.9,0.0,0.6764,True,False,10.6,0.0637,False,0.383,0.0,True
058088,Rocca Priora,Roma,RM,14.009006892230571,741.6054511278196,371.3953007518797,2.222102130325814,0.264,-5.0,0.0,0.4832,True,False,11.2,0.0331,True,0.38,0.0,True
058089,Rocca Santo Stefano,Roma,RM,13.2032072368421,861.1894736842105,289.3105263157895,1.804577850877192,0.26,-3.8,0.0,0.6512,True,False,6.4,0.2401,False,0.377,0.0,True
058090,Roiate,Roma,RM,12.615588450292398,852.8530701754386,281.7127192982456,2.046235380116958,0.262,-3.6,0.0,0.6606,True,False,6.5,0.224,False,0.378,0.0,True
058091,Roma,Roma,RM,15.833316885964912,647.6010330578513,480.68568943018704,2.305019188596491,0.249,-8.7,0.0,0.1698,True,False,14.6,0.0033,True,0.347,0.0,True
058092,Roviano,Roma,RM,12.839210526315782,783.9676315789475,303.2210526315789,1.8892763157894734,0.258,-3.3,0.0,0.6766,True,False,8.6,0.1342,False,0.375,0.0,True
058093,Sacrofano,Roma,RM,15.238807957393485,392.66729323308266,643.0565789473685,2.084163533834586,0.259,-3.6,0.0,0.3302,True,False,17.4,0.0006,True,0.37,0.0,True
058094,Sambuci,Roma,RM,13.143393640350887,767.6315789473684,321.0881578947368,1.9495614035087707,0.259,-3.2,0.0,0.6714,True,False,9.1,0.1096,False,0.38,0.0,True
058095,San Gregorio da Sassola,Roma,RM,14.002232142857135,784.1426691729323,341.8156015037594,1.9127506265664163,0.262,-3.9,0.0,0.6095,True,False,9.1,0.0951,False,0.385,0.0,True
058096,San Polo dei Cavalieri,Roma,RM,13.33700109649123,704.016447368421,350.3273684210526,2.0554166666666664,0.262,-3.1,0.0,0.6505,True,False,11.5,0.0439,True,0.387,0.0,True
058097,Santa Marinella,Roma,RM,15.67866902834008,418.8592105263158,521.9834210526316,3.3059632253711206,0.215,-10.1,0.0,0.0515,True,False,16.8,0.0014,True,0.284,0.0,True
058098,Sant'Angelo Romano,Roma,RM,15.77675438596491,743.258157894737,399.5255263157895,1.6622807017543866,0.265,-4.4,0.0,0.536,True,False,11.8,0.026,True,0.391,0.0,True
058099,Sant'Oreste,Roma,RM,15.210816885964912,454.1450000000001,562.4782894736843,1.7566228070175438,0.253,-3.4,0.0,0.4163,True,False,15.9,0.0034,True,0.368,0.0,True
058100,San Vito Romano,Roma,RM,13.010718201754381,822.2230263157894,298.8464912280702,2.0328033625730995,0.261,-3.5,0.0,0.6663,True,False,7.2,0.1798,False,0.381,0.0,True
058101,Saracinesco,Roma,RM,12.920984100877194,770.560855263158,313.6013157894737,1.966310307017543,0.258,-3.2,0.0,0.6786,True,False,8.9,0.1182,False,0.379,0.0,True
058102,Segni,Roma,RM,13.648207236842115,899.4915789473686,302.8292105263158,2.2570504385964907,0.263,-5.1,0.0,0.5576,True,False,6.7,0.184,False,0.381,0.0,True
058103,Subiaco,Roma,RM,10.408941387559807,805.4891148325357,249.53744019138756,2.7289274322169046,0.263,-3.6,0.0,0.6499,True,False,8.0,0.128,False,0.371,0.0,True
058104,Tivoli,Roma,RM,15.44924159356725,813.302850877193,370.70296052631585,1.6934301900584785,0.264,-4.5,0.0,0.5671,True,False,9.4,0.0798,False,0.389,0.0,True
058105,Tolfa,Roma,RM,15.036442342836253,341.8215460526316,705.6728618421051,3.1158808479532163,0.226,-6.0,0.0,0.089,True,False,16.6,0.0003,True,0.299,0.0,True
058106,Torrita Tiberina,Roma,RM,15.607072368421052,578.9355263157896,464.0871052631578,1.59642543859649,0.256,-3.9,0.0,0.4648,True,False,13.7,0.0121,True,0.374,0.0,True
058107,Trevignano Romano,Roma,RM,14.965186403508774,198.46520467836257,822.9777777777776,2.462171052631579,0.249,-2.0,0.0,0.2883,True,False,16.0,0.0,True,0.34,0.0,True
058108,Vallepietra,Roma,RM,9.05242598684211,798.6598684210527,221.58881578947367,3.1823282163742674,0.268,-3.8,0.0,0.6263,True,False,8.6,0.0926,False,0.367,0.0,True
058109,Vallinfreda,Roma,RM,12.140277777777774,743.7874999999999,294.05482456140345,2.055756578947367,0.257,-2.9,0.0,0.6932,True,False,9.4,0.1026,False,0.374,0.0,True
058110,Valmontone,Roma,RM,14.602239974937346,906.2646616541354,325.6607142857142,1.8612938596491226,0.263,-5.1,0.0,0.5568,True,False,6.2,0.2293,False,0.383,0.0,True
058111,Velletri,Roma,RM,15.37427509746589,873.8828216374271,373.1509502923976,2.2745979532163747,0.25,-9.3,0.0,0.2735,True,False,8.2,0.09,False,0.35,0.0,True
058112,Vicovaro,Roma,RM,13.380969785575054,746.0211988304094,330.29546783625733,1.9256944444444446,0.261,-3.2,0.0,0.6609,True,False,9.9,0.0774,False,0.384,0.0,True
058113,Vivaro Romano,Roma,RM,11.89025950292398,745.0486842105264,284.6916666666666,2.096162280701753,0.256,-2.9,0.0,0.6992,True,False,9.3,0.1033,False,0.371,0.0,True
058114,Zagarolo,Roma,RM,15.348848684210527,849.1429276315788,365.61430921052624,1.8045093201754383,0.265,-5.5,0.0,0.4978,True,False,8.3,0.1109,False,0.384,0.0,True
058115,Lariano,Roma,RM,14.430646929824562,832.7832706766919,348.7652255639097,2.1609805764411028,0.261,-6.2,0.0,0.4441,True,False,8.4,0.0958,False,0.374,0.0,True
058116,Ladispoli,Roma,RM,16.06314875730995,501.58837719298253,591.3958333333334,3.1117141812865508,0.224,-9.9,0.0,0.0569,True,False,18.4,0.001,True,0.298,0.0,True
058117,Ardea,Roma,RM,16.15255145074224,834.567206477733,416.9825910931174,2.7566970310391357,0.225,-14.4,0.0,0.0837,True,False,10.0,0.0299,True,0.304,0.0,True
058118,Ciampino,Roma,RM,15.665213815789476,804.279605263158,407.03947368421046,2.196792763157895,0.258,-9.0,0.0,0.2532,True,False,11.4,0.0261,True,0.363,0.0,True
058119,San Cesareo,Roma,RM,15.171820175438594,825.6878947368419,371.3113157894737,1.8878289473684209,0.264,-5.6,0.0,0.4818,True,False,9.0,0.0825,False,0.383,0.0,True
058120,Fiumicino,Roma,RM,15.964875730994153,543.6979323308271,521.2385338345864,2.896470922677064,0.226,-11.5,0.0,0.044,True,True,17.3,0.0007,True,0.301,0.0,True
058122,Fonte Nuova,Roma,RM,15.933342470760238,726.0344298245617,412.9311403508771,1.733315058479531,0.266,-5.1,0.0,0.4647,True,False,13.2,0.0126,True,0.39,0.0,True
059001,Aprilia,Latina,LT,16.21118897787948,873.1481121281466,411.06487414187643,2.586365369946605,0.228,-13.7,0.0,0.1142,True,False,8.6,0.0591,False,0.31,0.0,True
059002,Bassiano,Latina,LT,14.466812865497074,946.1855263157895,309.03092105263164,2.4418128654970754,0.264,-8.0,0.0,0.3935,True,False,6.9,0.1548,False,0.378,0.0,True
059003,Campodimele,Latina,LT,13.362902046783624,938.8789473684212,304.58479532163744,2.6979288499025342,0.244,-10.1,0.0,0.299,True,False,6.9,0.1635,False,0.355,0.0,True
059004,Castelforte,Latina,LT,14.823416179337228,924.5641812865498,334.20891812865494,2.2485501949317745,0.238,-10.5,0.0,0.2602,True,False,7.2,0.1227,False,0.345,0.0,True
059005,Cisterna di Latina,Latina,LT,16.204344040247673,955.0425696594427,373.4934984520124,2.2332494840041286,0.246,-11.3,0.0,0.2302,True,False,6.8,0.1501,False,0.343,0.0,True
059006,Cori,Latina,LT,14.623972039473685,902.0372807017546,333.13673245614035,2.2931195175438597,0.258,-7.2,0.0,0.4094,True,False,7.0,0.1569,False,0.37,0.0,True
059007,Fondi,Latina,LT,15.210897904483428,978.2859649122807,347.65131578947364,2.5393396686159835,0.235,-13.4,0.0,0.1902,True,False,7.4,0.1222,False,0.339,0.0,True
059008,Formia,Latina,LT,13.677078349282304,844.7927631578949,291.2081140350878,3.1339214513556626,0.223,-12.1,0.0,0.2116,True,False,7.1,0.1276,False,0.322,0.0,True
059009,Gaeta,Latina,LT,15.440158991228069,708.842105263158,268.86414473684215,2.6731542397660832,0.217,-14.7,0.0,0.1459,True,False,7.6,0.0968,False,0.312,0.0,True
059010,Itri,Latina,LT,14.077456140350872,937.152456140351,329.3478070175439,2.9123026315789473,0.228,-12.7,0.0,0.2008,True,False,7.2,0.1287,False,0.328,0.0,True
059011,Latina,Latina,LT,16.515265987549515,903.3693256578948,382.5370888157895,2.472163271080928,0.239,-13.0,0.0,0.1639,True,False,7.7,0.0868,False,0.33,0.0,True
059012,Lenola,Latina,LT,13.677323190789469,952.6425986842105,308.1746710526316,2.558538925438597,0.249,-10.0,0.0,0.3092,True,False,6.9,0.164,False,0.363,0.0,True
059013,Maenza,Latina,LT,13.28143503289474,952.2134868421051,274.5185855263158,2.4675027412280683,0.267,-6.7,0.0,0.4789,True,False,6.6,0.1811,False,0.392,0.0,True
059014,Minturno,Latina,LT,15.576069078947375,948.7865131578947,353.63141447368423,2.417447916666668,0.22,-13.3,0.0,0.1837,True,False,7.3,0.1104,False,0.316,0.0,True
059015,Monte San Biagio,Latina,LT,14.837567007797269,972.3555555555556,335.156432748538,2.723318713450291,0.239,-12.8,0.0,0.2051,True,False,7.5,0.1202,False,0.346,0.0,True
059016,Norma,Latina,LT,14.047384085213034,901.7881578947371,311.2191729323308,2.496663533834586,0.261,-7.0,0.0,0.4281,True,False,7.2,0.1421,False,0.374,0.0,True
059017,Pontinia,Latina,LT,16.468242872807014,981.2213815789473,377.3619243421052,2.1726699561403517,0.248,-13.2,0.0,0.189,True,False,7.5,0.1057,False,0.353,0.0,True
059018,Ponza,Latina,LT,17.185307017543852,512.0271381578947,374.77450657894735,2.957383040935671,0.194,-11.6,0.0,0.1077,True,False,10.2,0.0099,True,0.269,0.0,True
059019,Priverno,Latina,LT,15.675148026315782,1049.4060526315789,323.8576315789474,1.9970723684210523,0.262,-10.8,0.0,0.3109,True,False,6.3,0.1948,False,0.382,0.0,True
059020,Prossedi,Latina,LT,14.68932748538011,1038.224561403509,306.14649122807015,2.192160087719298,0.264,-9.6,0.0,0.3621,True,False,6.6,0.1915,False,0.389,0.0,True
059021,Roccagorga,Latina,LT,14.355458959899753,995.8218045112781,294.0546992481203,2.2824091478696733,0.266,-8.5,0.0,0.3973,True,False,6.5,0.1841,False,0.387,0.0,True
059022,Rocca Massima,Latina,LT,14.269284539473693,871.085855263158,332.96480263157895,2.151836622807017,0.262,-5.7,0.0,0.5005,True,False,7.0,0.1693,False,0.378,0.0,True
059023,Roccasecca dei Volsci,Latina,LT,14.987627923976595,1018.5699561403508,319.8311403508772,2.242763157894736,0.26,-10.5,0.0,0.3132,True,False,6.8,0.1688,False,0.382,0.0,True
059024,Sabaudia,Latina,LT,16.509513366750202,907.0768796992479,404.1234335839598,2.529412071846281,0.234,-14.1,0.0,0.1297,True,False,8.6,0.0486,True,0.327,0.0,True
059025,San Felice Circeo,Latina,LT,16.479084429824564,857.3122807017543,430.4423245614036,2.7048611111111094,0.219,-15.5,0.0,0.0865,True,False,9.2,0.0293,True,0.304,0.0,True
059026,Santi Cosma e Damiano,Latina,LT,15.44290413533835,933.8718045112782,351.7424812030075,2.3272086466165414,0.227,-12.3,0.0,0.2027,True,False,7.6,0.1,False,0.327,0.0,True
059027,Sermoneta,Latina,LT,15.912171052631574,977.1345029239767,349.4238304093567,2.2254751461988302,0.258,-10.2,0.0,0.2963,True,False,6.8,0.1578,False,0.366,0.0,True
059028,Sezze,Latina,LT,15.27376433873144,968.7134615384615,332.8016194331984,2.3232034412955462,0.261,-9.8,0.0,0.3131,True,False,7.2,0.1343,False,0.374,0.0,True
059029,Sonnino,Latina,LT,14.777252791068577,979.6903110047846,330.0122009569379,2.5600079744816577,0.248,-11.7,0.0,0.2469,True,False,7.3,0.1363,False,0.361,0.0,True
059030,Sperlonga,Latina,LT,15.637182017543854,797.5947368421052,306.575,2.6169517543859646,0.223,-15.1,0.0,0.1411,True,False,7.7,0.0953,False,0.321,0.0,True
059031,Spigno Saturnia,Latina,LT,13.576778752436649,911.5944444444444,315.93055555555554,3.0340034113060437,0.227,-11.1,0.0,0.243,True,False,7.1,0.1323,False,0.328,0.0,True
059032,Terracina,Latina,LT,16.166216528162515,935.302216066482,392.84362880886425,2.544800323176362,0.232,-14.8,0.0,0.1288,True,False,8.2,0.0695,False,0.329,0.0,True
059033,Ventotene,Latina,LT,17.160105994152044,583.921052631579,330.2345394736842,2.7414839181286594,0.195,-14.2,0.0,0.0743,True,False,10.2,0.0085,True,0.272,0.0,True
060001,Acquafondata,Frosinone,FR,11.478956505847954,802.0701754385965,282.3464912280702,2.828051900584795,0.253,-2.4,0.0,0.7534,True,False,6.2,0.1965,False,0.356,0.0,True
060002,Acuto,Frosinone,FR,12.858070175438602,912.3502631578947,277.2765789473684,1.99953947368421,0.265,-4.0,0.0,0.6547,True,False,5.9,0.2697,False,0.381,0.0,True
060003,Alatri,Frosinone,FR,12.255090027700835,974.7362880886428,257.4488227146814,2.3033760387811637,0.265,-4.6,0.0,0.629,True,False,6.0,0.2458,False,0.379,0.0,True
060004,Alvito,Frosinone,FR,11.487280701754386,885.6666118421052,258.94671052631577,2.5862253289473696,0.257,-1.8,0.0,0.8294,True,False,4.7,0.3222,False,0.353,0.0,True
060005,Amaseno,Frosinone,FR,14.150073099415204,1006.388048245614,302.91260964912277,2.4083516081871337,0.258,-9.8,0.0,0.3429,True,False,6.8,0.1797,False,0.379,0.0,True
060006,Anagni,Frosinone,FR,14.507604949874684,1053.0160714285714,289.3958646616542,1.6682174185463656,0.264,-5.7,0.0,0.5771,True,False,5.0,0.3373,False,0.385,0.0,True
060007,Aquino,Frosinone,FR,14.966184210526311,971.0863157894737,321.343947368421,1.8446710526315784,0.253,-8.8,0.0,0.3692,True,False,6.4,0.1953,False,0.367,0.0,True
060008,Arce,Frosinone,FR,14.775746984649121,1040.317927631579,301.49161184210527,1.6585800438596507,0.261,-8.2,0.0,0.4324,True,False,5.8,0.2488,False,0.378,0.0,True
060009,Arnara,Frosinone,FR,15.049369517543866,1152.4605263157898,293.22171052631575,1.660005482456142,0.265,-9.1,0.0,0.4275,True,False,5.6,0.2727,False,0.388,0.0,True
060010,Arpino,Frosinone,FR,13.544999999999996,973.0943421052634,283.83500000000004,1.8470394736842113,0.26,-5.1,0.0,0.5931,True,False,5.1,0.3084,False,0.368,0.0,True
060011,Atina,Frosinone,FR,12.738742690058473,891.0859649122808,276.8368421052632,2.1460343567251456,0.254,-3.1,0.0,0.7211,True,False,4.6,0.333,False,0.353,0.0,True
060012,Ausonia,Frosinone,FR,14.676027960526312,950.4417763157894,327.73026315789485,2.4152412280701774,0.23,-11.4,0.0,0.2448,True,False,6.7,0.1541,False,0.332,0.0,True
060013,Belmonte Castello,Frosinone,FR,12.419170321637424,876.0190789473685,275.5157894736842,2.415113304093568,0.254,-3.8,0.0,0.6518,True,False,5.5,0.2571,False,0.358,0.0,True
060014,Boville Ernica,Frosinone,FR,14.424259868421053,1077.9984649122807,289.7366228070175,1.6413742690058484,0.264,-7.0,0.0,0.51,True,False,5.5,0.2886,False,0.381,0.0,True
060015,Broccostella,Frosinone,FR,13.620328947368424,978.1276315789476,279.7865789473684,1.7110526315789483,0.26,-3.7,0.0,0.7013,True,False,4.3,0.3918,False,0.361,0.0,True
060016,Campoli Appennino,Frosinone,FR,10.421080043859655,873.401754385965,240.81008771929825,2.946180555555559,0.26,-1.2,0.0,0.8838,True,False,4.7,0.3141,False,0.353,0.0,True
060017,Casalattico,Frosinone,FR,12.16145833333333,885.3095394736844,273.59950657894734,2.4598547149122805,0.256,-4.3,0.0,0.6221,True,False,5.7,0.2411,False,0.363,0.0,True
060018,Casalvieri,Frosinone,FR,13.03667763157894,928.2007518796993,278.8853383458646,1.9922149122807018,0.257,-4.0,0.0,0.6547,True,False,4.8,0.3266,False,0.361,0.0,True
060019,Cassino,Frosinone,FR,14.776977600250628,933.8150375939849,316.93364661654135,1.8578164160401005,0.251,-7.4,0.0,0.4259,True,False,6.2,0.1968,False,0.362,0.0,True
060020,Castelliri,Frosinone,FR,13.710712719298252,1017.816052631579,282.04815789473685,1.8021710526315808,0.262,-5.4,0.0,0.5911,True,False,5.3,0.2999,False,0.373,0.0,True
060021,Castelnuovo Parano,Frosinone,FR,14.545394736842098,944.1740131578948,323.0730263157895,2.285718201754388,0.236,-10.6,0.0,0.2742,True,False,6.7,0.1584,False,0.341,0.0,True
060022,Castrocielo,Frosinone,FR,14.665397869674186,971.0761278195488,314.65469924812027,1.8858709273182956,0.255,-8.3,0.0,0.3959,True,False,6.3,0.2084,False,0.37,0.0,True
060023,Castro dei Volsci,Frosinone,FR,14.447331871345032,1049.6415204678362,299.03406432748545,2.0288742690058488,0.263,-9.3,0.0,0.3814,True,False,6.3,0.2146,False,0.386,0.0,True
060024,Ceccano,Frosinone,FR,14.819813596491233,1130.1975000000002,290.3376315789473,1.8177521929824565,0.266,-9.1,0.0,0.4224,True,False,5.7,0.2603,False,0.392,0.0,True
060025,Ceprano,Frosinone,FR,15.098323934837094,1076.9137218045114,305.3308270676692,1.6625783208020068,0.263,-9.4,0.0,0.3867,True,False,5.9,0.238,False,0.383,0.0,True
060026,Cervaro,Frosinone,FR,14.154902882205516,895.962969924812,314.58327067669177,2.0478853383458655,0.253,-6.2,0.0,0.4783,True,False,6.5,0.1767,False,0.363,0.0,True
060027,Colfelice,Frosinone,FR,15.003782894736842,1026.6691729323309,309.1672932330827,1.6999373433583973,0.259,-8.9,0.0,0.3896,True,False,6.0,0.2325,False,0.376,0.0,True
060028,Collepardo,Frosinone,FR,11.413212719298253,909.2853383458647,246.14022556390975,2.483082706766918,0.265,-3.5,0.0,0.6956,True,False,6.1,0.2349,False,0.377,0.0,True
060029,Colle San Magno,Frosinone,FR,12.746683114035088,905.2452631578948,285.1588157894736,2.3997149122807007,0.257,-5.7,0.0,0.5277,True,False,6.2,0.2128,False,0.368,0.0,True
060030,Coreno Ausonio,Frosinone,FR,14.227055921052628,928.3766447368421,323.302302631579,2.5192160087719317,0.233,-10.5,0.0,0.2663,True,False,6.9,0.1465,False,0.336,0.0,True
060031,Esperia,Frosinone,FR,13.264908364661656,912.2063909774436,306.83552631578954,2.8886591478696735,0.237,-10.0,0.0,0.2859,True,False,7.0,0.1475,False,0.344,0.0,True
060032,Falvaterra,Frosinone,FR,14.951853070175432,1045.5265789473683,307.5186842105263,1.7667763157894765,0.261,-9.7,0.0,0.3627,True,False,6.1,0.222,False,0.38,0.0,True
060033,Ferentino,Frosinone,FR,14.097411497493736,1064.8868421052632,281.1421052631578,1.753500939849624,0.265,-6.1,0.0,0.5613,True,False,5.4,0.304,False,0.386,0.0,True
060034,Filettino,Frosinone,FR,8.354191586921852,811.107894736842,202.46447368421056,3.5371212121212094,0.268,-3.5,0.0,0.6523,True,False,8.2,0.0943,False,0.365,0.0,True
060035,Fiuggi,Frosinone,FR,11.707682291666671,851.8777960526315,262.48503289473683,2.245134320175437,0.265,-3.6,0.0,0.6668,True,False,6.9,0.1978,False,0.377,0.0,True
060036,Fontana Liri,Frosinone,FR,14.26013340643275,1029.0502192982456,291.70767543859654,1.6741045321637433,0.262,-6.6,0.0,0.5149,True,False,5.4,0.2835,False,0.374,0.0,True
060037,Fontechiari,Frosinone,FR,13.28338815789473,949.3634868421053,279.4713815789474,1.8623355263157912,0.259,-4.1,0.0,0.6558,True,False,4.7,0.3421,False,0.363,0.0,True
060038,Frosinone,Frosinone,FR,15.001253132832082,1185.826503759399,285.6090225563909,1.6090538847117788,0.266,-8.4,0.0,0.4728,True,False,5.4,0.2952,False,0.388,0.0,True
060039,Fumone,Frosinone,FR,13.809996345029239,1025.3769736842107,280.93179824561395,1.7876096491228077,0.265,-5.2,0.0,0.6027,True,False,5.4,0.3123,False,0.384,0.0,True
060040,Gallinaro,Frosinone,FR,13.388500548245618,929.1884868421054,279.44440789473686,1.817077850877192,0.255,-2.7,0.0,0.7621,True,False,3.9,0.4136,False,0.351,0.0,True
060041,Giuliano di Roma,Frosinone,FR,13.877972709551658,1025.1852339181287,279.4896198830409,2.1836866471734884,0.267,-7.6,0.0,0.4581,True,False,6.0,0.2291,False,0.394,0.0,True
060042,Guarcino,Frosinone,FR,10.190755208333332,857.1264802631579,226.01151315789474,2.86254111842105,0.266,-3.4,0.0,0.6877,True,False,7.0,0.1625,False,0.374,0.0,True
060043,Isola del Liri,Frosinone,FR,13.490378289473687,1001.2798245614036,278.10504385964913,1.851772660818715,0.262,-4.7,0.0,0.6294,True,False,5.1,0.3193,False,0.371,0.0,True
060044,Monte San Giovanni Campano,Frosinone,FR,13.010530884502927,991.5344298245615,274.5906798245614,2.1081414473684226,0.263,-5.4,0.0,0.5767,True,False,6.0,0.2425,False,0.375,0.0,True
060045,Morolo,Frosinone,FR,12.722117794486211,964.682142857143,264.86165413533837,2.3782894736842093,0.266,-5.7,0.0,0.5453,True,False,6.5,0.1926,False,0.388,0.0,True
060046,Paliano,Frosinone,FR,14.764906798245615,1016.8436842105264,300.45736842105265,1.6683552631578948,0.263,-5.2,0.0,0.599,True,False,4.9,0.3533,False,0.384,0.0,True
060047,Pastena,Frosinone,FR,13.914946546052628,989.8731907894738,299.33733552631577,2.226493969298247,0.258,-9.2,0.0,0.3618,True,False,6.6,0.1898,False,0.377,0.0,True
060048,Patrica,Frosinone,FR,14.467260599415207,1121.4903508771931,278.1686403508772,1.8601059941520468,0.267,-8.0,0.0,0.4693,True,False,5.5,0.2762,False,0.393,0.0,True
060049,Pescosolido,Frosinone,FR,10.80098684210527,900.8759868421052,242.12203947368423,2.751192434210528,0.261,-2.0,0.0,0.8201,True,False,4.8,0.3132,False,0.357,0.0,True
060050,Picinisco,Frosinone,FR,9.268488529014844,829.2466599190284,216.86923076923082,3.633814102564103,0.251,0.3,0.0,0.9691,True,False,3.3,0.4281,False,0.338,0.0,True
060051,Pico,Frosinone,FR,14.315726817042602,988.233082706767,310.25864661654134,2.150830200501252,0.252,-9.9,0.0,0.3258,True,False,6.5,0.191,False,0.368,0.0,True
060052,Piedimonte San Germano,Frosinone,FR,14.70359100877193,950.0410087719298,319.37214912280706,1.965625,0.251,-8.4,0.0,0.3774,True,False,6.5,0.1874,False,0.363,0.0,True
060053,Piglio,Frosinone,FR,12.598834978070172,899.389967105263,273.36776315789473,2.0797286184210524,0.264,-4.0,0.0,0.6493,True,False,6.3,0.2368,False,0.379,0.0,True
060054,Pignataro Interamna,Frosinone,FR,15.23958333333333,954.9682330827067,330.3383458646617,1.878508771929824,0.244,-9.7,0.0,0.3134,True,False,6.6,0.167,False,0.354,0.0,True
060055,Pofi,Frosinone,FR,15.031131213450303,1111.0133771929825,299.788596491228,1.7099597953216386,0.264,-9.5,0.0,0.397,True,False,5.8,0.249,False,0.387,0.0,True
060056,Pontecorvo,Frosinone,FR,14.877543859649128,978.9777192982455,323.03157894736836,2.0066885964912275,0.248,-10.1,0.0,0.3095,True,False,6.6,0.1804,False,0.36,0.0,True
060057,Posta Fibreno,Frosinone,FR,12.767064144736848,918.9414473684212,276.4707236842105,2.0210800438596497,0.258,-2.5,0.0,0.7784,True,False,4.4,0.3755,False,0.356,0.0,True
060058,Ripi,Frosinone,FR,14.944071115288228,1116.3443609022556,296.5947368421052,1.6213815789473693,0.264,-8.6,0.0,0.4382,True,False,5.6,0.2674,False,0.384,0.0,True
060059,Rocca d'Arce,Frosinone,FR,14.107478070175436,991.3778947368422,294.0863157894737,1.8073684210526337,0.26,-6.8,0.0,0.4913,True,False,5.6,0.2654,False,0.373,0.0,True
060060,Roccasecca,Frosinone,FR,14.581097709551658,988.688888888889,307.5489766081871,1.8240618908382074,0.258,-8.0,0.0,0.4178,True,False,6.0,0.231,False,0.373,0.0,True
060061,San Biagio Saracinisco,Frosinone,FR,9.458607456140355,809.6700000000002,226.14447368421057,3.6165350877192983,0.251,-0.1,0.0,0.9896,True,False,4.4,0.3102,False,0.341,0.0,True
060062,San Donato Val di Comino,Frosinone,FR,10.249334273182965,849.1116541353384,240.8327067669173,3.1350407268170413,0.254,-0.1,0.0,0.9947,True,False,4.3,0.3473,False,0.343,0.0,True
060063,San Giorgio a Liri,Frosinone,FR,15.161787280701756,953.6894736842105,330.0718421052632,1.9348026315789473,0.242,-10.1,0.0,0.2976,True,False,6.7,0.161,False,0.351,0.0,True
060064,San Giovanni Incarico,Frosinone,FR,15.04009868421052,1027.9894736842107,312.38052631578944,1.769254385964914,0.258,-9.6,0.0,0.3555,True,False,6.2,0.2163,False,0.377,0.0,True
060065,Sant'Ambrogio sul Garigliano,Frosinone,FR,15.037664473684211,928.5697368421053,327.62894736842105,1.922441520467837,0.245,-9.1,0.0,0.3223,True,False,6.8,0.1478,False,0.355,0.0,True
060066,Sant'Andrea del Garigliano,Frosinone,FR,14.64450840643275,925.6129385964914,324.42982456140356,2.1552448830409365,0.242,-9.6,0.0,0.3016,True,False,6.9,0.1446,False,0.35,0.0,True
060067,Sant'Apollinare,Frosinone,FR,14.903399122807016,932.1031578947368,326.4465789473685,1.9978289473684216,0.244,-9.1,0.0,0.3295,True,False,6.7,0.1573,False,0.353,0.0,True
060068,Sant'Elia Fiumerapido,Frosinone,FR,13.46750959429825,898.4325657894736,290.0927631578948,2.0854989035087725,0.254,-4.4,0.0,0.6156,True,False,5.3,0.2683,False,0.359,0.0,True
060069,Santopadre,Frosinone,FR,13.29834429824561,937.5555263157894,288.4060526315789,2.075921052631579,0.259,-5.8,0.0,0.5305,True,False,5.7,0.2559,False,0.37,0.0,True
060070,San Vittore del Lazio,Frosinone,FR,13.382777255639102,864.0428571428573,308.49868421052633,2.2949561403508776,0.253,-5.3,0.0,0.5278,True,False,6.7,0.1664,False,0.364,0.0,True
060071,Serrone,Frosinone,FR,13.270353618421051,915.214802631579,282.35855263157896,1.9174890350877198,0.263,-4.1,0.0,0.6442,True,False,5.8,0.2716,False,0.38,0.0,True
060072,Settefrati,Frosinone,FR,10.355585252192984,849.5439144736843,236.1965460526316,3.127878289473686,0.252,-0.1,0.0,0.9887,True,False,3.7,0.4046,False,0.34,0.0,True
060073,Sgurgola,Frosinone,FR,13.368658625730992,980.1260964912279,277.70197368421054,2.0921418128654965,0.265,-5.8,0.0,0.5477,True,False,5.9,0.24,False,0.386,0.0,True
060074,Sora,Frosinone,FR,12.597911184210528,951.7225000000002,267.72473684210524,2.1236513157894743,0.262,-3.5,0.0,0.7069,True,False,5.2,0.3055,False,0.366,0.0,True
060075,Strangolagalli,Frosinone,FR,14.996080043859653,1084.6361842105266,301.48782894736854,1.5783168859649117,0.263,-8.6,0.0,0.4303,True,False,5.8,0.2535,False,0.381,0.0,True
060076,Supino,Frosinone,FR,13.341345551378444,1029.7479323308273,266.96428571428567,2.2388001253132814,0.266,-6.7,0.0,0.5104,True,False,6.3,0.2058,False,0.39,0.0,True
060077,Terelle,Frosinone,FR,12.187308114035092,874.1116228070176,276.0989035087719,2.636184210526316,0.255,-4.8,0.0,0.5758,True,False,6.3,0.201,False,0.364,0.0,True
060078,Torre Cajetani,Frosinone,FR,12.039555921052633,878.9917763157893,263.4605263157895,2.178097587719298,0.265,-3.6,0.0,0.675,True,False,6.5,0.2276,False,0.379,0.0,True
060079,Torrice,Frosinone,FR,14.85078581871345,1141.5407894736843,289.65811403508764,1.6075292397660814,0.265,-8.1,0.0,0.4746,True,False,5.4,0.2902,False,0.385,0.0,True
060080,Trevi nel Lazio,Frosinone,FR,10.134964364035088,817.3870065789474,235.52648026315788,2.7658580043859633,0.267,-3.6,0.0,0.6533,True,False,8.1,0.1221,False,0.371,0.0,True
060081,Trivigliano,Frosinone,FR,12.937020285087723,939.3644736842106,270.9865131578947,1.9390899122807008,0.265,-4.1,0.0,0.6592,True,False,5.6,0.2985,False,0.382,0.0,True
060082,Vallecorsa,Frosinone,FR,13.69628563596491,971.2840460526315,302.0840460526315,2.5913240131578927,0.253,-9.8,0.0,0.3274,True,False,6.9,0.1679,False,0.37,0.0,True
060083,Vallemaio,Frosinone,FR,14.549373433583956,929.2588345864663,323.36240601503766,2.2228226817042622,0.24,-9.8,0.0,0.2946,True,False,6.8,0.1496,False,0.347,0.0,True
060084,Vallerotonda,Frosinone,FR,11.143301435406698,818.7505980861243,264.2212918660287,2.940580143540672,0.252,-1.7,0.0,0.8298,True,False,5.3,0.2502,False,0.349,0.0,True
060085,Veroli,Frosinone,FR,12.397578581871345,976.0362573099416,264.9146929824562,2.286019736842106,0.264,-4.8,0.0,0.618,True,False,6.1,0.2391,False,0.376,0.0,True
060086,Vicalvi,Frosinone,FR,13.428746345029234,950.7706140350878,280.7298245614035,1.799305555555555,0.258,-3.7,0.0,0.6881,True,False,4.4,0.3719,False,0.359,0.0,True
060087,Vico nel Lazio,Frosinone,FR,10.195382553606239,874.0912280701755,221.57646198830406,2.8216617933723196,0.266,-3.3,0.0,0.6939,True,False,6.6,0.1863,False,0.372,0.0,True
060088,Villa Latina,Frosinone,FR,12.494174890350873,869.6526315789476,275.7838815789474,2.266173245614034,0.253,-2.5,0.0,0.7659,True,False,4.6,0.3363,False,0.351,0.0,True
060089,Villa Santa Lucia,Frosinone,FR,14.866024436090227,952.1045112781952,319.6477443609023,1.8969454887218047,0.251,-8.3,0.0,0.3854,True,False,6.4,0.1933,False,0.363,0.0,True
060090,Villa Santo Stefano,Frosinone,FR,14.689934210526314,1058.4305263157898,302.2710526315789,2.08484649122807,0.266,-9.4,0.0,0.38,True,False,6.3,0.2119,False,0.393,0.0,True
060091,Viticuso,Frosinone,FR,11.674972587719301,804.7664473684212,287.5214912280702,2.7813961988304103,0.253,-2.8,0.0,0.7207,True,False,6.4,0.1865,False,0.358,0.0,True
