COD_RIP,COD_REG,COD_PROV,COD_CM,COD_UTS,PRO_COM,PRO_COM_T,COMUNE,COMUNE_A,CC_UTS,Shape_Leng,Shape_Area,temp_media_c,precip_media_mm,def_media_mm,vento_media_ms
3,12,58,258,258,58035,058035,Colonna,,0,9783.297359,3536476.69953,15.074561403508772,792.9730263157893,384.66710526315785,1.990652412280701
3,12,58,258,258,58036,058036,Fiano Romano,,0,29833.9797623,40888579.641,15.793832236842102,600.3769736842105,466.47499999999997,1.6341968201754373
3,12,58,258,258,58037,058037,Filacciano,,0,10900.285585,5852683.72577,15.406455592105267,525.8197368421053,496.34802631578947,1.6412006578947365
3,12,58,258,258,58038,058038,Formello,,0,31270.9770787,31120671.9172,15.351362781954888,377.10921052631574,666.2172932330828,2.174404761904762
3,12,58,258,258,58039,058039,Frascati,,0,32722.005947,22885631.2346,15.718763706140356,810.8407894736844,400.58486842105265,2.0174342105263157
3,12,58,258,258,58040,058040,Gallicano nel Lazio,,0,24577.5520068,25840623.4984,15.520650584795318,856.7861842105264,366.0059210526315,1.7488669590643269
3,12,58,258,258,58041,058041,Gavignano,,0,16280.6323787,15275366.9321,14.63215460526316,1021.5043859649126,298.6039473684211,1.7856542397660817
3,12,58,258,258,58042,058042,Genazzano,,0,26673.5648591,31708255.4734,14.543932748538007,948.3967105263158,307.5144736842105,1.743987573099415
3,12,58,258,258,58043,058043,Genzano di Roma,,0,30838.3737298,17237128.366,15.293338815789474,820.5629385964912,391.3714912280702,2.371966374269005
3,12,58,258,258,58044,058044,Gerano,,0,13123.628476,10395279.0308,13.155135233918111,826.271052631579,296.94122807017544,1.8610014619883026
3,12,58,258,258,58045,058045,Gorga,,0,23479.7433557,26439093.9285,12.248530701754385,868.6986842105264,273.83263157894737,2.5680263157894734
3,12,58,258,258,58046,058046,Grottaferrata,,0,29235.5506238,17776262.4355,14.621472953216383,720.1951754385967,406.15438596491225,2.31593567251462
3,12,58,258,258,58047,058047,Guidonia Montecelio,,0,49949.6327967,80160320.8064,15.936759868421053,788.0083646616542,391.4277255639098,1.6732847744360897
3,12,58,258,258,58048,058048,Jenne,,0,25058.9633411,31393364.6269,10.07081766917293,798.5479323308272,240.18458646616543,2.810385338345863
3,12,58,258,258,58049,058049,Labico,,0,15301.5693019,11944182.9402,14.418503289473682,833.0964912280702,344.56162280701756,1.9612024853801173
3,12,58,258,258,58050,058050,Lanuvio,,0,34858.5715697,44472461.1476,15.781359649122809,866.6472222222224,393.98304093567253,2.36240253411306
3,12,58,258,258,58051,058051,Licenza,,0,19186.1714914,18196133.6999,11.799539473684204,698.3873684210527,300.6728947368422,2.281162280701753
3,12,58,258,258,58052,058052,Magliano Romano,,0,18169.1895857,20336427.194,14.884685672514616,323.4287280701754,696.2765350877193,2.0614583333333325
3,12,58,258,258,58053,058053,Mandela,,0,15526.6630476,13909437.7533,13.21069078947368,754.9105263157895,315.6743421052632,1.8604440789473684
3,12,58,258,258,58054,058054,Manziana,,0,25202.9260604,24307789.8782,14.681015037593982,189.93101503759402,841.2736842105262,3.0257205513784475
3,12,58,258,258,58055,058055,Marano Equo,,0,12810.1759416,7580026.41449,12.687481725146199,802.7333333333335,298.344298245614,1.9555555555555557
3,12,58,258,258,58056,058056,Marcellina,,0,18620.9054412,15473223.677,15.122944078947368,772.1759868421052,373.15855263157897,1.7243969298245596
3,12,58,258,258,58057,058057,Marino,,0,26016.6845045,24582835.2052,15.21746710526316,761.9600000000002,411.98473684210524,2.367017543859648
3,12,58,258,258,58058,058058,Mazzano Romano,,0,32792.7961391,29143705.4777,14.95697490253411,304.22207602339176,715.7194444444445,2.055384990253411
3,12,58,258,258,58059,058059,Mentana,,0,28805.562316,24866475.945,15.808670112781952,695.8319548872181,417.11503759398494,1.6847431077694242
3,12,58,258,258,58060,058060,Monte Compatri,,0,37796.9265538,24272801.7949,15.184053884711776,791.909022556391,388.5531954887218,2.016541353383458
3,12,58,258,258,58061,058061,Monteflavio,,0,20371.9076389,16608834.2456,12.93100877192983,659.7855263157895,354.2736842105263,2.0683771929824566
3,12,58,258,258,58062,058062,Montelanico,,0,31009.5931875,35277730.1992,13.100098684210526,887.9521052631578,286.9273684210526,2.412214912280702
3,12,58,258,258,58063,058063,Montelibretti,,0,40814.8202524,45574171.28,15.679788011695905,669.4308479532164,419.4026315789473,1.5894249512670549
3,12,58,258,258,58064,058064,Monte Porzio Catone,,0,13815.7940632,9313622.82244,15.330907346491237,788.582894736842,397.2746710526316,2.028179824561403
3,12,58,258,258,58065,058065,Monterotondo,,0,31651.4896184,40981197.2427,15.931915726817039,667.4152255639099,429.34379699248115,1.6647243107769427
3,12,58,258,258,58066,058066,Montorio Romano,,0,21699.977529,23635203.3028,13.988907163742695,661.3614035087719,380.223245614035,1.8272478070175442
3,12,58,258,258,58067,058067,Moricone,,0,32855.0903797,19425143.4257,14.981766917293239,675.921052631579,399.6624060150376,1.6822055137844607
3,12,58,258,258,58068,058068,Morlupo,,0,25058.0238418,23989434.5342,15.246838450292396,440.5960526315789,589.6820175438596,1.9001461988304087
3,12,58,258,258,58069,058069,Nazzano,,0,19436.3470578,12289075.1653,15.435946637426902,530.6320175438597,499.0280701754385,1.6679459064327482
3,12,58,258,258,58070,058070,Nemi,,0,11382.6016903,7293125.3954,14.355509868421061,738.6746710526317,389.6680921052632,2.5106907894736827
3,12,56,0,56,56001,056001,Acquapendente,,0,55207.8928328,131323015.336,13.141242497691598,497.2308171745153,466.7535318559557,2.2228070175438597
3,12,56,0,56,56002,056002,Arlena di Castro,,0,22829.9204336,21816599.9258,14.661107456140343,406.2428947368422,630.0107894736844,2.6041447368421062
3,12,56,0,56,56003,056003,Bagnoregio,,0,43610.8124284,72579010.9535,13.70782726045884,406.2129554655871,576.8648785425102,2.161816801619433
3,12,56,0,56,56004,056004,Barbarano Romano,,0,26375.9623153,37471791.8272,14.27302631578947,233.92499999999998,784.601096491228,2.720522660818711
3,12,56,0,56,56005,056005,Bassano Romano,,0,25923.5885999,37506053.1298,14.088274396929819,187.7177631578947,821.0911184210527,2.7052220394736857
3,12,56,0,56,56006,056006,Bassano in Teverina,,0,14403.2413077,12376194.9719,14.58754385964914,360.0878947368422,638.841052631579,1.9224561403508773
3,12,56,0,56,56007,056007,Blera,,0,58393.9307049,92826928.0518,14.745961257309936,281.3897368421052,751.7252631578946,2.719546783625731
3,12,56,0,56,56008,056008,Bolsena,,0,32963.5353401,63170875.3362,13.49094709429825,418.46101973684205,551.5279605263158,2.2722450657894737
3,12,56,0,56,56009,056009,Bomarzo,,0,35008.8549885,39603102.1853,14.744962993421055,378.27006578947373,624.5495065789476,1.911143092105264
3,12,56,0,56,56010,056010,Calcata,,0,17116.3465831,7644332.29437,15.002832602339176,328.1907894736842,690.1736842105262,1.9965643274853788
3,12,56,0,56,56011,056011,Canepina,,0,18971.3681103,21098257.4777,12.7921052631579,326.6863157894737,632.7378947368421,2.5662719298245618
3,12,56,0,56,56012,056012,Canino,,0,57014.3412538,123801140.842,15.12405701754386,467.2005263157895,591.905701754386,2.801052631578946
3,12,56,0,56,56013,056013,Capodimonte,,0,42617.6145452,61277577.3172,14.124901315789476,390.8126315789474,607.8447368421055,2.4182894736842107
3,12,56,0,56,56014,056014,Capranica,,0,26984.8011658,40621274.1389,13.72317023026316,224.35493421052632,772.4041118421052,2.6966145833333317
3,12,56,0,56,56015,056015,Caprarola,,0,38595.0253666,57656516.6715,13.446314571150097,277.3827485380117,700.9969298245614,2.516045321637427
3,12,56,0,56,56016,056016,Carbognano,,0,24412.2630035,17481140.4416,13.802543859649123,268.23289473684207,718.0463157894736,2.3476315789473685
3,12,56,0,56,56017,056017,Castel Sant'Elia,,0,31102.6354826,24512165.6068,15.007250548245615,302.21019736842106,717.1210526315791,2.01186951754386
3,12,56,0,56,56018,056018,Castiglione in Teverina,,0,26496.7475988,20184628.3732,14.378706140350882,447.19631578947366,542.8360526315789,1.915350877192982
3,12,56,0,56,56019,056019,Celleno,,0,19411.4166144,24425261.6603,14.124575109649125,360.1486842105264,643.5595394736843,2.149588815789474
3,12,56,0,56,56020,056020,Cellere,,0,36520.1051592,37122739.6985,14.162694931773881,415.06666666666655,605.3404970760233,2.7118908382066267
3,12,56,0,56,56021,056021,Civita Castellana,,0,47811.7870761,83917444.1763,15.204358552631575,392.4838345864661,623.4030075187972,1.8173793859649123
3,12,56,0,56,56022,056022,Civitella d'Agliano,,0,32964.7913953,32779661.393,14.640656328320805,426.03477443609023,570.2221804511279,1.8802161654135332
3,12,56,0,56,56023,056023,Corchiano,,0,31234.6257657,33230068.1586,14.809032346491229,336.57598684210524,671.482072368421,1.9334292763157899
3,12,56,0,56,56024,056024,Fabrica di Roma,,0,30376.755104,35058140.2738,14.597299890350879,290.36315789473684,716.1911184210527,2.071477521929825
3,12,56,0,56,56025,056025,Faleria,,0,23994.8516024,25621283.2352,15.045620888157886,358.3414473684211,658.5353618421053,1.9186403508771919
3,12,56,0,56,56026,056026,Farnese,,0,31255.5474251,52981221.0007,13.975798001949322,439.2153508771929,565.2343567251462,2.6165935672514617
3,12,56,0,56,56027,056027,Gallese,,0,41071.9819591,36199537.8959,14.933497807017549,376.1095394736842,629.916447368421,1.8446134868421056
3,12,56,0,56,56028,056028,Gradoli,,0,29865.8733834,43771010.3724,13.720550073099412,422.6326754385964,552.5339912280702,2.3575475146198825
3,12,56,0,56,56029,056029,Graffignano,,0,28451.6082185,28563028.2646,14.866596177944858,419.34924812030073,581.1733082706767,1.8346804511278183
3,12,56,0,56,56030,056030,Grotte di Castro,,0,37898.5732134,33434640.422,13.57560307017544,434.97412280701747,536.5641812865496,2.3267543859649122
3,12,56,0,56,56031,056031,Ischia di Castro,,0,62311.8383568,104899093.94,14.272636093911249,447.3016253869969,570.4360681114551,2.7087654798761593
3,12,56,0,56,56032,056032,Latera,,0,18095.7721415,22559335.1158,13.291072733918126,432.62434210526317,538.8896929824562,2.518421052631579
3,12,56,0,56,56033,056033,Lubriano,,0,26369.1782962,16504158.0755,13.688185307017552,427.5098684210526,552.2750000000001,2.121491228070175
3,12,56,0,56,56034,056034,Marta,,0,26695.5032051,33594560.8894,14.277130325814541,375.3874060150375,629.9428571428571,2.3711309523809527
3,12,56,0,56,56035,056035,Montalto di Castro,,0,65156.4331452,189690525.479,15.64011591478696,518.2224937343358,566.8652882205513,3.145765455304929
3,12,56,0,56,56036,056036,Montefiascone,,0,50764.8619885,104595215.179,13.891231295149641,366.2943498452012,628.3532507739938,2.312667698658411
3,12,56,0,56,56037,056037,Monte Romano,,0,62066.2994612,85876371.5859,15.158658854166667,386.7307565789474,663.4504111842107,2.5655084978070173
3,12,56,0,56,56038,056038,Monterosi,,0,14921.6861277,10789217.4402,14.80402960526316,201.99276315789476,821.3990131578946,2.330921052631579
3,12,56,0,56,56039,056039,Nepi,,0,66678.2171954,83749567.3004,14.805979303728071,247.12549342105262,772.1083881578948,2.1848684210526317
3,12,56,0,56,56040,056040,Onano,,0,26009.3215118,24085056.7459,13.082269736842099,462.9886842105263,497.2413157894736,2.4030921052631578
3,12,56,0,56,56041,056041,Oriolo Romano,,0,20150.7768001,19363256.9559,14.109484649122802,182.24815789473683,830.4618421052631,2.88353070175439
3,12,56,0,56,56042,056042,Orte,,0,53630.6433509,69781586.9289,14.936398940058481,408.8601973684211,592.4172149122807,1.7849506578947365
3,12,56,0,56,56043,056043,Piansano,,0,22589.6735641,26898790.0657,14.076388888888891,386.1949561403508,629.7960526315791,2.5884502923976616
3,12,56,0,56,56044,056044,Proceno,,0,29821.5911201,42625663.9051,13.452497563352823,509.66213450292406,459.14444444444456,2.149305555555556
3,12,56,0,56,56045,056045,Ronciglione,,0,40603.0191991,52846592.6293,14.011494883040932,238.0608552631579,760.9662280701755,2.4538925438596486
3,12,56,0,56,56046,056046,Villa San Giovanni in Tuscia,,0,9019.73354831,5416478.57111,14.523629385964904,257.1167763157895,769.324342105263,2.5794407894736833
3,12,56,0,56,56047,056047,San Lorenzo Nuovo,,0,32290.5762513,26937535.4327,13.727850877192983,430.8621052631579,544.7963157894739,2.249517543859649
3,12,56,0,56,56048,056048,Soriano nel Cimino,,0,45180.0055059,77984464.2388,13.968055555555566,331.9700657894737,658.6822368421052,2.169389619883042
3,12,56,0,56,56049,056049,Sutri,,0,33655.0532504,61280390.0382,14.386677631578948,200.1605263157895,811.0869883040937,2.427765594541911
3,12,56,0,56,56050,056050,Tarquinia,,0,87632.1620146,277921364.527,15.635964912280699,491.068557168784,587.5941923774955,3.054881276467029
3,12,56,0,56,56051,056051,Tessennano,,0,18605.7063808,15200550.7708,14.655482456140339,416.3171052631579,620.2934210526316,2.652220394736842
3,12,56,0,56,56052,056052,Tuscania,,0,83767.6573002,209139663.742,15.173268809041835,428.815536437247,628.6202429149798,2.6739161605937927
3,12,56,0,56,56053,056053,Valentano,,0,35838.9888179,42813272.7837,13.546899920255184,417.19198564593296,571.0685406698565,2.5786981658692194
3,12,56,0,56,56054,056054,Vallerano,,0,23390.9635342,15538119.5448,13.568245614035089,295.3947368421053,683.3607894736842,2.32844298245614
3,12,56,0,56,56055,056055,Vasanello,,0,23658.9109937,28835507.3944,14.553591008771933,346.5166666666667,651.7962719298245,1.934064327485381
3,12,56,0,56,56056,056056,Vejano,,0,42003.9439388,44934291.6611,14.427980462519935,234.18995215311,787.5483253588517,2.8801834130781527
3,12,56,0,56,56057,056057,Vetralla,,0,57612.4277139,113182727.391,14.384107327141379,299.4828173374613,723.5630030959753,2.592537409700722
3,12,56,0,56,56058,056058,Vignanello,,0,20722.5725318,20464251.4791,14.111924342105269,284.6615131578947,708.2644736842105,2.1523026315789466
3,12,56,0,56,56059,056059,Viterbo,,1,157390.000543,405570412.151,14.238381668456858,344.3559076262083,668.4536251342641,2.335257787325457
3,12,56,0,56,56060,056060,Vitorchiano,,0,31768.2108249,30941351.3942,14.047916666666666,343.28815789473686,653.9753289473686,2.19091282894737
3,12,57,0,57,57001,057001,Accumoli,,0,50394.2622433,87270566.0091,8.677981612685558,874.130971659919,149.7259109311741,3.100733805668015
3,12,57,0,57,57002,057002,Amatrice,,0,62292.2880991,174668875.826,8.206790413533838,879.0248120300752,139.95714285714286,3.2965956558061813
3,12,57,0,57,57003,057003,Antrodoco,,0,35307.3285623,63596066.3234,9.232938596491232,798.3043421052631,195.48328947368418,3.037741228070176
3,12,57,0,57,57004,057004,Ascrea,,0,28492.3924527,13819021.8525,11.461979166666673,720.1186403508773,281.49583333333334,2.2736842105263158
3,12,57,0,57,57005,057005,Belmonte in Sabina,,0,23724.5757645,23924013.6117,12.758607456140348,663.8228070175439,334.1418859649123,1.9252558479532151
3,12,57,0,57,57006,057006,Borbona,,0,30319.114807,48167416.8924,9.567859100877198,811.185197368421,184.5125,2.799958881578947
3,12,57,0,57,57007,057007,Borgorose,,0,57509.3490671,145676378.021,8.945026193957116,825.0815789473685,202.84714912280702,3.2087841130604287
3,12,57,0,57,57008,057008,Borgo Velino,,0,31964.8729928,18364089.1637,9.468648182957395,787.6291353383459,202.506954887218,3.052944862155389
3,12,57,0,57,57009,057009,Cantalice,,0,34202.7426631,37676806.7094,10.463048245614035,737.7213815789476,251.95427631578949,2.8646381578947366
3,12,57,0,57,57010,057010,Cantalupo in Sabina,,0,17725.7691404,10443774.9099,15.21515899122808,545.7746710526317,474.63947368421054,1.612116228070175
3,12,57,0,57,57011,057011,Casaprota,,0,18176.9278601,14993161.8701,13.620263157894737,628.6721052631578,383.2323684210526,1.813947368421052
3,12,57,0,57,57012,057012,Casperia,,0,24319.2746766,25104565.2504,13.395822368421054,554.531052631579,431.646052631579,1.9974780701754398
3,12,57,0,57,57013,057013,Castel di Tora,,0,19701.5543925,15015841.8823,11.376140350877197,719.9628947368423,279.8310526315789,2.2971271929824555
3,12,57,0,57,57014,057014,Castelnuovo di Farfa,,0,12929.8505806,8761363.38555,14.897350146198832,613.8421052631579,423.9552631578947,1.6255116959064322
3,12,57,0,57,57015,057015,Castel Sant'Angelo,,0,26584.0630869,31589149.4138,10.629855019493178,766.7488304093567,231.72836257309942,2.6025950292397657
3,12,57,0,57,57016,057016,Cittaducale,,0,45835.0416401,71440963.7978,11.317661943319838,738.9222672064777,262.3980769230769,2.405617408906882
3,12,57,0,57,57017,057017,Cittareale,,0,36397.0280964,58797049.8944,9.262674441786286,838.3211722488038,167.9623205741627,2.897916666666666
3,12,57,0,57,57018,057018,Collalto Sabino,,0,30270.6747356,22386995.6917,11.442084703947366,768.0253289473683,262.44013157894744,2.1811677631578945
3,12,57,0,57,57019,057019,Colle di Tora,,0,17671.0003811,14673487.5824,11.891173245614043,702.6098684210526,299.1506578947368,2.152192982456139
3,12,57,0,57,57020,057020,Collegiove,,0,17916.9187425,9884706.52523,11.119462719298243,752.669298245614,260.4206140350878,2.3175804093567263
3,12,57,0,57,57021,057021,Collevecchio,,0,23580.6284211,26722657.8454,15.242094298245604,470.1957894736843,539.4944736842107,1.6771271929824567
3,12,57,0,57,57022,057022,Colli sul Velino,,0,17409.9809961,12533559.6708,12.760709064327486,620.6162280701756,357.9188596491228,1.9868969298245613
3,12,57,0,57,57023,057023,Concerviano,,0,27427.4142319,21375650.3194,12.034813596491228,716.6700292397659,288.671783625731,2.072441520467836
3,12,57,0,57,57024,057024,Configni,,0,22142.2969306,23179688.2467,13.355866228070177,515.902850877193,456.8666666666666,1.953581871345029
3,12,57,0,57,57025,057025,Contigliano,,0,49819.5429343,53216528.7773,12.425722687400322,619.9136363636366,353.7734449760765,2.1002990430622015
3,12,57,0,57,57026,057026,Cottanello,,0,27214.8264564,36898823.015,11.998259320175443,579.5003289473685,378.6197368421053,2.280139802631579
3,12,57,0,57,57027,057027,Fara in Sabina,,0,31366.5585407,54888906.3547,15.36074013157894,633.0026315789474,428.20184210526315,1.6035526315789457
3,12,57,0,57,57028,057028,Fiamignano,,0,48242.7897945,100448422.886,9.611924342105263,798.4875000000001,212.49577067669173,2.8847822681704267
3,12,57,0,57,57029,057029,Forano,,0,23905.5133703,17727096.3542,15.274150219298255,534.1870614035089,484.8782894736842,1.6184393274853797
3,12,57,0,57,57030,057030,Frasso Sabino,,0,8480.68396736,4229021.05061,14.065816885964914,648.2223684210526,383.54013157894735,1.7135416666666692
3,12,57,0,57,57031,057031,Greccio,,0,15934.175085,18001945.3154,12.102960526315789,620.7953947368422,344.04177631578943,2.1949835526315784
3,12,57,0,57,57032,057032,Labro,,0,14615.2132236,11746454.3608,13.044270833333332,626.4355263157893,357.5230263157894,1.8872807017543862
3,12,57,0,57,57033,057033,Leonessa,,0,68641.198826,204224026.395,8.842381877990432,800.9715909090909,185.79455741626796,3.2723185805422648
3,12,57,0,57,57034,057034,Longone Sabino,,0,38636.5382961,34048745.3737,12.193071546052632,703.114144736842,299.50213815789476,2.043914473684211
3,12,57,0,57,57035,057035,Magliano Sabina,,0,40035.5044048,43945696.8622,15.28302494517543,450.08881578947376,559.3235197368422,1.6916392543859649
3,12,57,0,57,57036,057036,Marcetelli,,0,16754.3672218,11054149.554,10.878988486842106,750.4519736842107,253.0289473684211,2.391611842105264
3,12,57,0,57,57037,057037,Micigliano,,0,27842.7790437,36872660.8147,8.729666940789475,807.9705592105263,177.89210526315787,3.3684210526315796
3,12,57,0,57,57038,057038,Mompeo,,0,18045.9077521,10959932.7792,13.931063596491228,607.808947368421,406.43315789473684,1.7970833333333325
3,12,57,0,57,57039,057039,Montasola,,0,14895.765514,12686150.1684,12.541072733918133,562.3464912280702,404.91798245614035,2.1719480994152063
3,12,57,0,57,57040,057040,Montebuono,,0,20321.255651,20233595.4258,14.501297514619878,469.35526315789474,523.0008771929824,1.7690789473684216
3,12,57,0,57,57041,057041,Monteleone Sabino,,0,18349.2116614,19564358.8844,13.48481359649123,661.5057017543858,360.32807017543865,1.8022295321637438
3,12,57,0,57,57042,057042,Montenero Sabino,,0,19447.2899232,22457918.087,12.889775219298246,626.6850877192982,364.78684210526313,1.9658442982456144
3,12,57,0,57,57043,057043,Monte San Giovanni in Sabina,,0,25778.8415982,30870178.9329,12.296792763157898,617.5042763157893,358.1751644736843,2.16450109649123
3,12,57,0,57,57044,057044,Montopoli di Sabina,,0,37792.4028759,37842516.6922,15.088784461152882,592.890977443609,444.7958646616541,1.6562499999999987
3,12,57,0,57,57045,057045,Morro Reatino,,0,21191.5664467,15921374.9171,11.574013157894733,686.3210526315789,296.7657894736842,2.3948464912280687
3,12,57,0,57,57046,057046,Nespolo,,0,11742.1045889,9364431.21283,11.124981725146204,767.67850877193,253.20219298245618,2.2583333333333324
3,12,57,0,57,57047,057047,Orvinio,,0,23523.8675399,24536154.744,11.580436769005845,708.1690789473683,290.30438596491234,2.2389071637426885
3,12,57,0,57,57048,057048,Paganico Sabino,,0,13308.0993894,9714386.23593,11.450328947368419,741.4444078947367,272.3618421052631,2.227741228070176
3,12,57,0,57,57049,057049,Pescorocchiano,,0,56698.2292755,95193768.1068,10.712221659919026,793.8836032388664,233.1902834008097,2.3910846828609986
3,12,57,0,57,57050,057050,Petrella Salto,,0,49010.0116865,102469347.503,10.66184210526316,769.8966666666666,240.735,2.5633114035087723
3,12,57,0,57,57051,057051,Poggio Bustone,,0,22653.8449717,22485848.0573,10.733771929824561,727.3793859649123,257.76929824561404,2.7072002923976597
3,12,57,0,57,57052,057052,Poggio Catino,,0,18465.5915669,15101119.4089,14.043411915204684,566.9028508771929,437.2844298245614,1.8510051169590642
3,12,57,0,57,57053,057053,Poggio Mirteto,,0,35686.8979394,26225566.3393,14.677948343079926,581.7847953216374,440.533187134503,1.7382675438596484
3,12,57,0,57,57054,057054,Poggio Moiano,,0,28149.6246768,27002583.0884,13.04566885964913,675.1373355263157,342.8555921052632,1.906661184210527
3,12,57,0,57,57055,057055,Poggio Nativo,,0,21444.9078501,16509343.3561,14.202535635964914,635.0276315789474,395.6450657894737,1.7113212719298259
3,12,57,0,57,57056,057056,Poggio San Lorenzo,,0,14315.0125871,8684998.47937,13.467927631578947,645.4753289473684,368.6924342105263,1.8150219298245616
3,12,57,0,57,57057,057057,Posta,,0,46955.8077302,66274182.5001,9.0882355628655,816.3115131578946,176.95932017543862,3.096052631578947
3,12,57,0,57,57058,057058,Pozzaglia Sabina,,0,25326.0697781,24846173.2632,11.655394736842103,727.3097368421052,282.4381578947369,2.1717324561403504
3,12,57,0,57,57059,057059,Rieti,,1,115017.033495,205863040.431,12.247893675721562,663.543039049236,326.12491511035654,2.1610038200339563
3,12,57,0,57,57060,057060,Rivodutri,,0,29790.5871883,26828343.4069,11.48115601503759,696.3323308270677,289.7958646616542,2.4426221804511274
3,12,57,0,57,57061,057061,Roccantica,,0,23348.4328669,16365391.5887,13.27919407894737,572.5980263157894,416.31052631578956,2.0478252923976616
3,12,57,0,57,57062,057062,Rocca Sinibalda,,0,56216.7872764,49686534.84,11.898903508771932,707.2261842105264,295.26657894736843,2.1491337719298245
3,12,57,0,57,57063,057063,Salisano,,0,20103.0082635,17845565.7397,13.238300438596491,598.8594736842103,396.6565789473685,1.993311403508772
3,12,57,0,57,57064,057064,Scandriglia,,0,44386.1147583,63246922.7798,12.67216282894737,670.7606359649125,338.3252192982456,2.0579861111111106
3,12,57,0,57,57065,057065,Selci,,0,11157.3932311,7918070.70664,14.979687500000011,523.4993421052633,487.24078947368423,1.6486293859649135
3,12,57,0,57,57066,057066,Stimigliano,,0,16608.8186806,11945373.0835,15.354210526315788,514.0105263157895,502.4726315789474,1.6283991228070174
3,12,57,0,57,57067,057067,Tarano,,0,23785.7217909,19387027.9286,14.958456688596497,492.75296052631575,511.57434210526327,1.6742598684210535
3,12,57,0,57,57068,057068,Toffia,,0,15579.3772324,11155009.9374,14.664610745614034,622.439802631579,415.38552631578943,1.6690241228070173
3,12,57,0,57,57069,057069,Torricella in Sabina,,0,33688.1515929,25506511.0313,12.89597039473684,671.7166666666667,336.59780701754386,1.9010782163742679
3,12,57,0,57,57070,057070,Torri in Sabina,,0,29117.9269621,26532661.5545,14.021381578947372,516.8984962406015,472.087030075188,1.8341948621553894
3,12,57,0,57,57071,057071,Turania,,0,13074.0876756,8481325.27887,11.93389528508772,750.6592105263157,282.2644736842105,2.0717379385964905
3,12,57,0,57,57072,057072,Vacone,,0,16439.5580081,9037636.23671,13.523684210526318,510.2942982456141,465.28421052631575,1.9284722222222233
3,12,57,0,57,57073,057073,Varco Sabino,,0,30344.2860999,24874147.3276,11.301668233082706,747.1238721804513,261.91052631578947,2.2671365914786965
3,12,58,258,258,58001,058001,Affile,,0,17127.0475159,14996829.9962,12.503714364035083,846.5523026315789,280.77828947368425,2.0540021929824563
3,12,58,258,258,58002,058002,Agosta,,0,15226.8887965,9775138.95028,12.925493421052632,845.4368421052629,289.33684210526314,1.8319353070175448
3,12,58,258,258,58003,058003,Albano Laziale,,0,38196.5255177,24166521.8046,15.15346308479532,769.9510964912282,407.4725877192982,2.440953947368419
3,12,58,258,258,58004,058004,Allumiere,,0,54410.1540326,92761044.8037,15.014546783625727,377.10728070175435,675.4229824561403,3.1954385964912286
3,12,58,258,258,58005,058005,Anguillara Sabazia,,0,48347.7306945,75970683.9683,15.3385316985646,233.31255980861252,811.8619617224881,2.548036283891548
3,12,58,258,258,58006,058006,Anticoli Corrado,,0,18176.0065595,16248328.724,12.944440789473683,796.5447368421054,304.90973684210525,1.8983991228070174
3,12,58,258,258,58007,058007,Anzio,,0,30319.1427579,43491113.9621,16.36544834307992,752.6796052631579,384.5723684210526,2.9114766081871335
3,12,58,258,258,58008,058008,Arcinazzo Romano,,0,22289.3051825,28529720.1014,11.367478070175434,808.1013157894738,265.61394736842107,2.3533333333333335
3,12,58,258,258,58009,058009,Ariccia,,0,33449.6750597,18527268.1772,15.098149671052632,783.1340460526317,401.5348684210526,2.477768640350875
3,12,58,258,258,58010,058010,Arsoli,,0,14229.7560715,12042848.9338,12.23426535087718,786.5236842105264,291.0342105263157,2.007931286549707
3,12,58,258,258,58011,058011,Artena,,0,57484.5075983,54893037.2105,14.575822368421056,892.5198245614034,333.08377192982454,2.044254385964912
3,12,58,258,258,58012,058012,Bellegra,,0,22182.3036982,18053752.4487,13.314990601503752,859.8334586466165,292.8804511278195,1.833489974937342
3,12,58,258,258,58013,058013,Bracciano,,0,66041.8503822,142576989.72,14.955158991228066,205.8380263157895,832.8578289473684,2.8457894736842118
3,12,58,258,258,58014,058014,Camerata Nuova,,0,31877.0599599,40849755.5451,8.457119360902256,761.9795112781956,224.83383458646614,3.4076597744360897
3,12,58,258,258,58015,058015,Campagnano di Roma,,0,35007.8169782,46121655.5259,14.940740131578952,261.76249999999993,764.1246052631578,2.23141447368421
3,12,58,258,258,58016,058016,Canale Monterano,,0,26629.3189979,37116854.5189,14.632362155388469,213.33308270676693,815.3874060150376,2.9984649122807037
3,12,58,258,258,58017,058017,Canterano,,0,11072.2395132,7484486.79819,13.264473684210518,865.9769736842104,288.8493421052632,1.7631578947368418
3,12,58,258,258,58018,058018,Capena,,0,35550.1670189,29529009.9991,15.636001461988306,546.9742690058479,505.42485380116955,1.728959551656919
3,12,58,258,258,58019,058019,Capranica Prenestina,,0,26420.1184302,20641902.7576,12.708899853801164,763.7495614035089,311.94890350877193,2.1737573099415215
3,12,58,258,258,58020,058020,Carpineto Romano,,0,44486.102743,85839637.5521,12.078108130904186,845.3340080971659,269.81548582995947,2.7856022267206466
3,12,58,258,258,58021,058021,Casape,,0,10201.1891571,5702861.04677,13.450475146198825,759.4302631578947,335.0043859649122,2.024342105263158
3,12,58,258,258,58022,058022,Castel Gandolfo,,0,24734.5630044,13970251.0523,14.94423245614035,739.4047368421054,410.5781578947368,2.41548245614035
3,12,58,258,258,58023,058023,Castel Madama,,0,25165.1089988,29302658.088,14.110205200501253,770.1520676691731,348.0625939849624,1.8407424812030062
3,12,58,258,258,58024,058024,Castelnuovo di Porto,,0,39953.6635742,30400751.7965,15.45665570175438,488.2411842105263,560.442105263158,1.8735087719298242
3,12,58,258,258,58025,058025,Castel San Pietro Romano,,0,21903.5774292,15007471.2524,13.52552997076024,780.6074561403508,330.9026315789474,2.079312865497076
3,12,58,258,258,58026,058026,Cave,,0,19508.0016523,18359127.6604,14.1328007518797,875.8133458646616,319.1614661654136,1.9126879699248123
3,12,58,258,258,58027,058027,Cerreto Laziale,,0,16175.1869483,11943470.4249,12.834999999999994,788.5076315789474,305.1344736842105,1.9942543859649118
3,12,58,258,258,58028,058028,Cervara di Roma,,0,26438.0715023,31693281.8082,10.935056390977438,784.6353383458645,268.87875939849624,2.5000313283208024
3,12,58,258,258,58029,058029,Cerveteri,,0,65789.1905387,134801203.686,15.61026509287926,373.44520123839015,697.8926470588235,3.0923439112487103
3,12,58,258,258,58030,058030,Ciciliano,,0,17718.1552235,18943858.6186,12.93404605263158,766.485307017544,316.7320175438596,2.0230080409356717
3,12,58,258,258,58031,058031,Cineto Romano,,0,14728.0118296,10698389.5539,12.858881578947361,763.3782894736843,308.69210526315794,1.9253563596491217
3,12,58,258,258,58032,058032,Civitavecchia,,0,42673.2657647,73153438.0652,15.652692495126708,506.3184210526316,580.9811403508771,3.311232943469785
3,12,58,258,258,58033,058033,Civitella San Paolo,,0,22392.4607507,20698662.6374,15.389163011695908,506.0732456140351,523.2122807017544,1.7248903508771924
3,12,58,258,258,58034,058034,Colleferro,,0,27868.0707352,26944259.7878,14.298433583959909,927.9571428571428,313.9926691729323,1.992371553884711
3,12,58,258,258,58071,058071,Nerola,,0,21454.4986108,17135944.1435,14.552997076023388,649.5500000000001,399.60833333333335,1.696820175438596
3,12,58,258,258,58072,058072,Nettuno,,0,48084.6991186,71110764.871,16.405359100877188,861.3604166666665,420.53903508771936,2.8150584795321634
3,12,58,258,258,58073,058073,Olevano Romano,,0,23994.8197157,26285612.3517,14.00723684210526,923.9789473684212,295.67575187969925,1.7581610275689221
3,12,58,258,258,58074,058074,Palestrina,,0,45576.1677798,45928262.3224,14.184673489278756,810.1209064327485,343.2423976608187,1.990472709551657
3,12,58,258,258,58075,058075,Palombara Sabina,,0,49435.7001932,76165313.8973,14.219924159356724,682.6701754385964,379.0357456140351,1.9060763888888894
3,12,58,258,258,58076,058076,Percile,,0,18010.0347499,17437155.5061,12.128629385964905,720.6834210526315,298.7344736842106,2.113464912280701
3,12,58,258,258,58077,058077,Pisoniano,,0,15091.2393031,12684779.8396,12.696354166666655,784.8934210526317,301.2901315789474,2.0782894736842112
3,12,58,258,258,58078,058078,Poli,,0,21388.6443141,22004555.1296,13.343530701754384,772.2526315789474,327.96644736842103,2.096326754385965
3,12,58,258,258,58079,058079,Pomezia,,0,43302.7715873,86060049.6881,16.10493842780027,748.6222744360903,389.40000000000003,2.805743927125506
3,12,58,258,258,58080,058080,Ponzano Romano,,0,32556.6785508,19490153.6562,15.376352339181283,500.3313596491228,516.5969298245615,1.6553179824561406
3,12,58,258,258,58081,058081,Riano,,0,25800.4663265,25078903.2148,15.72735745614035,549.7571428571429,507.74699248120305,1.8142073934837089
3,12,58,258,258,58082,058082,Rignano Flaminio,,0,30972.7073936,39585038.9546,15.009844924812025,391.5364661654136,627.3627819548872,1.9190632832080188
3,12,58,258,258,58083,058083,Riofreddo,,0,15053.6403134,12278890.3046,12.150274122807009,755.6736842105263,294.1177631578946,2.048081140350877
3,12,58,258,258,58084,058084,Rocca Canterano,,0,18216.2937434,15641818.2525,12.755071271929822,823.9638157894736,292.43179824561395,1.9376461988304088
3,12,58,258,258,58085,058085,Rocca di Cave,,0,13330.8925108,11259267.4886,13.73396381578947,862.3861842105264,307.7917763157895,1.9435581140350875
3,12,58,258,258,58086,058086,Rocca di Papa,,0,29526.986398,39970737.1926,13.64030975877193,702.2243421052633,377.00065789473683,2.4772478070175428
3,12,58,258,258,58087,058087,Roccagiovine,,0,12960.8517039,8214174.89664,12.639761513157891,712.6115131578947,319.2944078947369,2.09185855263158
3,12,58,258,258,58088,058088,Rocca Priora,,0,29182.4987725,28723144.5202,14.009006892230571,741.6054511278196,371.3953007518797,2.222102130325814
3,12,58,258,258,58089,058089,Rocca Santo Stefano,,0,13262.4934812,10026337.325,13.2032072368421,861.1894736842105,289.3105263157895,1.804577850877192
3,12,58,258,258,58090,058090,Roiate,,0,13947.7063632,10488566.0545,12.615588450292398,852.8530701754386,281.7127192982456,2.046235380116958
3,12,58,258,258,58091,058091,Roma,,1,279799.733172,1286412050.64,15.833316885964912,647.6010330578513,480.68568943018704,2.305019188596491
3,12,58,258,258,58092,058092,Roviano,,0,14549.2404053,8541735.96332,12.839210526315782,783.9676315789475,303.2210526315789,1.8892763157894734
3,12,58,258,258,58093,058093,Sacrofano,,0,28318.0410516,28693716.9167,15.238807957393485,392.66729323308266,643.0565789473685,2.084163533834586
3,12,58,258,258,58094,058094,Sambuci,,0,15417.3305444,8789094.74838,13.143393640350887,767.6315789473684,321.0881578947368,1.9495614035087707
3,12,58,258,258,58095,058095,San Gregorio da Sassola,,0,28147.4362168,35424604.7863,14.002232142857135,784.1426691729323,341.8156015037594,1.9127506265664163
3,12,58,258,258,58096,058096,San Polo dei Cavalieri,,0,43834.553113,42059053.0116,13.33700109649123,704.016447368421,350.3273684210526,2.0554166666666664
3,12,58,258,258,58097,058097,Santa Marinella,,0,52021.1421171,48322799.7021,15.67866902834008,418.8592105263158,521.9834210526316,3.3059632253711206
3,12,58,258,258,58098,058098,Sant'Angelo Romano,,0,22589.3396264,20887358.6573,15.77675438596491,743.258157894737,399.5255263157895,1.6622807017543866
3,12,58,258,258,58099,058099,Sant'Oreste,,0,33371.9203928,43182368.851,15.210816885964912,454.1450000000001,562.4782894736843,1.7566228070175438
3,12,58,258,258,58100,058100,San Vito Romano,,0,14328.6014854,12495468.2153,13.010718201754381,822.2230263157894,298.8464912280702,2.0328033625730995
3,12,58,258,258,58101,058101,Saracinesco,,0,15850.2694115,10739561.4364,12.920984100877194,770.560855263158,313.6013157894737,1.966310307017543
3,12,58,258,258,58102,058102,Segni,,0,37205.0859396,60744251.6176,13.648207236842115,899.4915789473686,302.8292105263158,2.2570504385964907
3,12,58,258,258,58103,058103,Subiaco,,0,36280.997774,63038421.7831,10.408941387559807,805.4891148325357,249.53744019138756,2.7289274322169046
3,12,58,258,258,58104,058104,Tivoli,,0,50548.9440695,68050847.3515,15.44924159356725,813.302850877193,370.70296052631585,1.6934301900584785
3,12,58,258,258,58105,058105,Tolfa,,0,89735.8075992,167389706.348,15.036442342836253,341.8215460526316,705.6728618421051,3.1158808479532163
3,12,58,258,258,58106,058106,Torrita Tiberina,,0,17447.576552,10875755.7565,15.607072368421052,578.9355263157896,464.0871052631578,1.59642543859649
3,12,58,258,258,58107,058107,Trevignano Romano,,0,27697.2999228,38931339.8453,14.965186403508774,198.46520467836257,822.9777777777776,2.462171052631579
3,12,58,258,258,58108,058108,Vallepietra,,0,36629.3053509,53104510.0744,9.05242598684211,798.6598684210527,221.58881578947367,3.1823282163742674
3,12,58,258,258,58109,058109,Vallinfreda,,0,18583.7317843,16735230.0151,12.140277777777774,743.7874999999999,294.05482456140345,2.055756578947367
3,12,58,258,258,58110,058110,Valmontone,,0,31224.7900827,41147795.4609,14.602239974937346,906.2646616541354,325.6607142857142,1.8612938596491226
3,12,58,258,258,58111,058111,Velletri,,0,68011.9028368,118387676.045,15.37427509746589,873.8828216374271,373.1509502923976,2.2745979532163747
3,12,58,258,258,58112,058112,Vicovaro,,0,28528.7931807,35335470.1249,13.380969785575054,746.0211988304094,330.29546783625733,1.9256944444444446
3,12,58,258,258,58113,058113,Vivaro Romano,,0,15753.0083298,12640127.0231,11.89025950292398,745.0486842105264,284.6916666666666,2.096162280701753
3,12,58,258,258,58114,058114,Zagarolo,,0,34414.1826337,27528933.5941,15.348848684210527,849.1429276315788,365.61430921052624,1.8045093201754383
3,12,58,258,258,58115,058115,Lariano,,0,20881.9022011,22443158.7652,14.430646929824562,832.7832706766919,348.7652255639097,2.1609805764411028
3,12,58,258,258,58116,058116,Ladispoli,,0,23888.4323935,25907729.9755,16.06314875730995,501.58837719298253,591.3958333333334,3.1117141812865508
3,12,58,258,258,58117,058117,Ardea,,0,52546.8948411,72621747.0228,16.15255145074224,834.567206477733,416.9825910931174,2.7566970310391357
3,12,58,258,258,58118,058118,Ciampino,,0,18161.4631171,13232954.6643,15.665213815789476,804.279605263158,407.03947368421046,2.196792763157895
3,12,58,258,258,58119,058119,San Cesareo,,0,28111.1421332,23653932.7267,15.171820175438594,825.6878947368419,371.3113157894737,1.8878289473684209
3,12,58,258,258,58120,058120,Fiumicino,,0,84977.7036171,213528168.148,15.964875730994153,543.6979323308271,521.2385338345864,2.896470922677064
3,12,58,258,258,58122,058122,Fonte Nuova,,0,19681.8074934,19839140.9785,15.933342470760238,726.0344298245617,412.9311403508771,1.733315058479531
3,12,59,0,59,59001,059001,Aprilia,,0,72657.2406544,177673641.077,16.21118897787948,873.1481121281466,411.06487414187643,2.586365369946605
3,12,59,0,59,59002,059002,Bassiano,,0,29417.5095002,32666508.2655,14.466812865497074,946.1855263157895,309.03092105263164,2.4418128654970754
3,12,59,0,59,59003,059003,Campodimele,,0,25977.5534614,38722447.27,13.362902046783624,938.8789473684212,304.58479532163744,2.6979288499025342
3,12,59,0,59,59004,059004,Castelforte,,0,22694.6500481,29360755.4284,14.823416179337228,924.5641812865498,334.20891812865494,2.2485501949317745
3,12,59,0,59,59005,059005,Cisterna di Latina,,0,74223.6997712,143744564.43,16.204344040247673,955.0425696594427,373.4934984520124,2.2332494840041286
3,12,59,0,59,59006,059006,Cori,,0,46212.9671314,84937294.9744,14.623972039473685,902.0372807017546,333.13673245614035,2.2931195175438597
3,12,59,0,59,59007,059007,Fondi,,0,63336.1234242,143644442.193,15.210897904483428,978.2859649122807,347.65131578947364,2.5393396686159835
3,12,59,0,59,59008,059008,Formia,,0,40866.3805657,73647583.5528,13.677078349282304,844.7927631578949,291.2081140350878,3.1339214513556626
3,12,59,0,59,59009,059009,Gaeta,,0,27169.7685988,28723811.6375,15.440158991228069,708.842105263158,268.86414473684215,2.6731542397660832
3,12,59,0,59,59010,059010,Itri,,0,42460.533392,100847059.966,14.077456140350872,937.152456140351,329.3478070175439,2.9123026315789473
3,12,59,0,59,59011,059011,Latina,,1,88099.5740044,277677461.471,16.515265987549515,903.3693256578948,382.5370888157895,2.472163271080928
3,12,59,0,59,59012,059012,Lenola,,0,32068.7605798,44847731.4955,13.677323190789469,952.6425986842105,308.1746710526316,2.558538925438597
3,12,59,0,59,59013,059013,Maenza,,0,31092.7409008,42075700.2347,13.28143503289474,952.2134868421051,274.5185855263158,2.4675027412280683
3,12,59,0,59,59014,059014,Minturno,,0,29239.1128758,42100613.1052,15.576069078947375,948.7865131578947,353.63141447368423,2.417447916666668
3,12,59,0,59,59015,059015,Monte San Biagio,,0,33989.9916181,65766677.9989,14.837567007797269,972.3555555555556,335.156432748538,2.723318713450291
3,12,59,0,59,59016,059016,Norma,,0,24601.3722531,30770805.6407,14.047384085213034,901.7881578947371,311.2191729323308,2.496663533834586
3,12,59,0,59,59017,059017,Pontinia,,0,50067.7563935,112241450.667,16.468242872807014,981.2213815789473,377.3619243421052,2.1726699561403517
3,12,59,0,59,59018,059018,Ponza,,0,35165.6458801,9638440.06837,17.185307017543852,512.0271381578947,374.77450657894735,2.957383040935671
3,12,59,0,59,59019,059019,Priverno,,0,37700.328843,56670290.7219,15.675148026315782,1049.4060526315789,323.8576315789474,1.9970723684210523
3,12,59,0,59,59020,059020,Prossedi,,0,26424.533037,35345100.651,14.68932748538011,1038.224561403509,306.14649122807015,2.192160087719298
3,12,59,0,59,59021,059021,Roccagorga,,0,19909.3328712,24779070.2382,14.355458959899753,995.8218045112781,294.0546992481203,2.2824091478696733
3,12,59,0,59,59022,059022,Rocca Massima,,0,19218.3644753,18509522.4717,14.269284539473693,871.085855263158,332.96480263157895,2.151836622807017
3,12,59,0,59,59023,059023,Roccasecca dei Volsci,,0,22574.101651,23466259.3002,14.987627923976595,1018.5699561403508,319.8311403508772,2.242763157894736
3,12,59,0,59,59024,059024,Sabaudia,,0,57836.2050502,145148909.047,16.509513366750202,907.0768796992479,404.1234335839598,2.529412071846281
3,12,59,0,59,59025,059025,San Felice Circeo,,0,27474.6104351,32832455.6635,16.479084429824564,857.3122807017543,430.4423245614036,2.7048611111111094
3,12,59,0,59,59026,059026,Santi Cosma e Damiano,,0,27497.9138428,32795607.2401,15.44290413533835,933.8718045112782,351.7424812030075,2.3272086466165414
3,12,59,0,59,59027,059027,Sermoneta,,0,33287.4004641,45255285.3186,15.912171052631574,977.1345029239767,349.4238304093567,2.2254751461988302
3,12,59,0,59,59028,059028,Sezze,,0,46822.943017,100276447.176,15.27376433873144,968.7134615384615,332.8016194331984,2.3232034412955462
3,12,59,0,59,59029,059029,Sonnino,,0,37153.9785429,63982067.9375,14.777252791068577,979.6903110047846,330.0122009569379,2.5600079744816577
3,12,59,0,59,59030,059030,Sperlonga,,0,23130.446409,19388503.1518,15.637182017543854,797.5947368421052,306.575,2.6169517543859646
3,12,59,0,59,59031,059031,Spigno Saturnia,,0,28324.7579621,38900391.8677,13.576778752436649,911.5944444444444,315.93055555555554,3.0340034113060437
3,12,59,0,59,59032,059032,Terracina,,0,58327.0967138,136151297.508,16.166216528162515,935.302216066482,392.84362880886425,2.544800323176362
3,12,59,0,59,59033,059033,Ventotene,,0,8816.18498443,1713196.98066,17.160105994152044,583.921052631579,330.2345394736842,2.7414839181286594
3,12,60,0,60,60001,060001,Acquafondata,,0,23703.489019,25821231.6011,11.478956505847954,802.0701754385965,282.3464912280702,2.828051900584795
3,12,60,0,60,60002,060002,Acuto,,0,17340.12988,13521245.798,12.858070175438602,912.3502631578947,277.2765789473684,1.99953947368421
3,12,60,0,60,60003,060003,Alatri,,0,61837.3135494,96066655.7135,12.255090027700835,974.7362880886428,257.4488227146814,2.3033760387811637
3,12,60,0,60,60004,060004,Alvito,,0,35352.4694024,51700877.9597,11.487280701754386,885.6666118421052,258.94671052631577,2.5862253289473696
3,12,60,0,60,60005,060005,Amaseno,,0,38557.2041475,78258472.7423,14.150073099415204,1006.388048245614,302.91260964912277,2.4083516081871337
3,12,60,0,60,60006,060006,Anagni,,0,57362.0051849,113349921.101,14.507604949874684,1053.0160714285714,289.3958646616542,1.6682174185463656
3,12,60,0,60,60007,060007,Aquino,,0,19532.0141515,19119233.9392,14.966184210526311,971.0863157894737,321.343947368421,1.8446710526315784
3,12,60,0,60,60008,060008,Arce,,0,30821.2153913,39115464.2843,14.775746984649121,1040.317927631579,301.49161184210527,1.6585800438596507
3,12,60,0,60,60009,060009,Arnara,,0,15673.0986574,12389270.9378,15.049369517543866,1152.4605263157898,293.22171052631575,1.660005482456142
3,12,60,0,60,60010,060010,Arpino,,0,37385.0003138,55850917.3342,13.544999999999996,973.0943421052634,283.83500000000004,1.8470394736842113
3,12,60,0,60,60011,060011,Atina,,0,25769.7425394,29368365.5382,12.738742690058473,891.0859649122808,276.8368421052632,2.1460343567251456
3,12,60,0,60,60012,060012,Ausonia,,0,19556.9585782,19810752.8318,14.676027960526312,950.4417763157894,327.73026315789485,2.4152412280701774
3,12,60,0,60,60013,060013,Belmonte Castello,,0,17218.4959216,14453824.7989,12.419170321637424,876.0190789473685,275.5157894736842,2.415113304093568
3,12,60,0,60,60014,060014,Boville Ernica,,0,21132.0396548,28643471.0304,14.424259868421053,1077.9984649122807,289.7366228070175,1.6413742690058484
3,12,60,0,60,60015,060015,Broccostella,,0,15590.6397228,11693573.4475,13.620328947368424,978.1276315789476,279.7865789473684,1.7110526315789483
3,12,60,0,60,60016,060016,Campoli Appennino,,0,30863.9098828,32201178.7534,10.421080043859655,873.401754385965,240.81008771929825,2.946180555555559
3,12,60,0,60,60017,060017,Casalattico,,0,26185.7348618,28344971.8824,12.16145833333333,885.3095394736844,273.59950657894734,2.4598547149122805
3,12,60,0,60,60018,060018,Casalvieri,,0,21257.3336462,27503990.7558,13.03667763157894,928.2007518796993,278.8853383458646,1.9922149122807018
3,12,60,0,60,60019,060019,Cassino,,0,53647.4976298,83179357.1911,14.776977600250628,933.8150375939849,316.93364661654135,1.8578164160401005
3,12,60,0,60,60020,060020,Castelliri,,0,18258.100837,15541295.4089,13.710712719298252,1017.816052631579,282.04815789473685,1.8021710526315808
3,12,60,0,60,60021,060021,Castelnuovo Parano,,0,13305.7786712,9963374.69925,14.545394736842098,944.1740131578948,323.0730263157895,2.285718201754388
3,12,60,0,60,60022,060022,Castrocielo,,0,26576.7629334,27813543.5458,14.665397869674186,971.0761278195488,314.65469924812027,1.8858709273182956
3,12,60,0,60,60023,060023,Castro dei Volsci,,0,37783.7704784,58248200.4108,14.447331871345032,1049.6415204678362,299.03406432748545,2.0288742690058488
3,12,60,0,60,60024,060024,Ceccano,,0,32445.9836513,61544309.7881,14.819813596491233,1130.1975000000002,290.3376315789473,1.8177521929824565
3,12,60,0,60,60025,060025,Ceprano,,0,26108.1911905,38307646.9286,15.098323934837094,1076.9137218045114,305.3308270676692,1.6625783208020068
3,12,60,0,60,60026,060026,Cervaro,,0,28995.8250563,39236028.1083,14.154902882205516,895.962969924812,314.58327067669177,2.0478853383458655
3,12,60,0,60,60027,060027,Colfelice,,0,20514.7680577,14686694.1217,15.003782894736842,1026.6691729323309,309.1672932330827,1.6999373433583973
3,12,60,0,60,60028,060028,Collepardo,,0,22309.4915429,24908640.0166,11.413212719298253,909.2853383458647,246.14022556390975,2.483082706766918
3,12,60,0,60,60029,060029,Colle San Magno,,0,31102.0616244,45415011.7877,12.746683114035088,905.2452631578948,285.1588157894736,2.3997149122807007
3,12,60,0,60,60030,060030,Coreno Ausonio,,0,22582.1054818,26134101.3146,14.227055921052628,928.3766447368421,323.302302631579,2.5192160087719317
3,12,60,0,60,60031,060031,Esperia,,0,49014.5459939,107801071.943,13.264908364661656,912.2063909774436,306.83552631578954,2.8886591478696735
3,12,60,0,60,60032,060032,Falvaterra,,0,15825.5224895,13121309.4837,14.951853070175432,1045.5265789473683,307.5186842105263,1.7667763157894765
3,12,60,0,60,60033,060033,Ferentino,,0,48571.4286444,80989508.62,14.097411497493736,1064.8868421052632,281.1421052631578,1.753500939849624
3,12,60,0,60,60034,060034,Filettino,,0,39900.1794942,78436708.6288,8.354191586921852,811.107894736842,202.46447368421056,3.5371212121212094
3,12,60,0,60,60035,060035,Fiuggi,,0,24684.422032,32725703.6657,11.707682291666671,851.8777960526315,262.48503289473683,2.245134320175437
3,12,60,0,60,60036,060036,Fontana Liri,,0,16439.4230198,16369240.8344,14.26013340643275,1029.0502192982456,291.70767543859654,1.6741045321637433
3,12,60,0,60,60037,060037,Fontechiari,,0,16457.4937541,16270605.9096,13.28338815789473,949.3634868421053,279.4713815789474,1.8623355263157912
3,12,60,0,60,60038,060038,Frosinone,,1,31238.2987809,46218099.6538,15.001253132832082,1185.826503759399,285.6090225563909,1.6090538847117788
3,12,60,0,60,60039,060039,Fumone,,0,17321.0925689,15292835.7839,13.809996345029239,1025.3769736842107,280.93179824561395,1.7876096491228077
3,12,60,0,60,60040,060040,Gallinaro,,0,19853.0103895,17788118.0427,13.388500548245618,929.1884868421054,279.44440789473686,1.817077850877192
3,12,60,0,60,60041,060041,Giuliano di Roma,,0,32354.1462407,33455409.8775,13.877972709551658,1025.1852339181287,279.4896198830409,2.1836866471734884
3,12,60,0,60,60042,060042,Guarcino,,0,28971.6081851,40305812.5727,10.190755208333332,857.1264802631579,226.01151315789474,2.86254111842105
3,12,60,0,60,60043,060043,Isola del Liri,,0,21686.3529043,16262632.4806,13.490378289473687,1001.2798245614036,278.10504385964913,1.851772660818715
3,12,60,0,60,60044,060044,Monte San Giovanni Campano,,0,46975.7627851,48648172.9802,13.010530884502927,991.5344298245615,274.5906798245614,2.1081414473684226
3,12,60,0,60,60045,060045,Morolo,,0,20394.1525178,26841281.8265,12.722117794486211,964.682142857143,264.86165413533837,2.3782894736842093
3,12,60,0,60,60046,060046,Paliano,,0,46203.961655,70722355.5773,14.764906798245615,1016.8436842105264,300.45736842105265,1.6683552631578948
3,12,60,0,60,60047,060047,Pastena,,0,25266.2757541,42461354.6359,13.914946546052628,989.8731907894738,299.33733552631577,2.226493969298247
3,12,60,0,60,60048,060048,Patrica,,0,24944.3551093,27190767.3366,14.467260599415207,1121.4903508771931,278.1686403508772,1.8601059941520468
3,12,60,0,60,60049,060049,Pescosolido,,0,27345.2088146,44855452.8738,10.80098684210527,900.8759868421052,242.12203947368423,2.751192434210528
3,12,60,0,60,60050,060050,Picinisco,,0,41641.8728174,62146769.4548,9.268488529014844,829.2466599190284,216.86923076923082,3.633814102564103
3,12,60,0,60,60051,060051,Pico,,0,27005.6018023,32919874.6956,14.315726817042602,988.233082706767,310.25864661654134,2.150830200501252
3,12,60,0,60,60052,060052,Piedimonte San Germano,,0,22854.8582426,17172016.202,14.70359100877193,950.0410087719298,319.37214912280706,1.965625
3,12,60,0,60,60053,060053,Piglio,,0,26063.4047919,35481337.5021,12.598834978070172,899.389967105263,273.36776315789473,2.0797286184210524
3,12,60,0,60,60054,060054,Pignataro Interamna,,0,22912.0694092,24506424.7335,15.23958333333333,954.9682330827067,330.3383458646617,1.878508771929824
3,12,60,0,60,60055,060055,Pofi,,0,26761.83763,30301061.0727,15.031131213450303,1111.0133771929825,299.788596491228,1.7099597953216386
3,12,60,0,60,60056,060056,Pontecorvo,,0,49237.4742065,88994763.9656,14.877543859649128,978.9777192982455,323.03157894736836,2.0066885964912275
3,12,60,0,60,60057,060057,Posta Fibreno,,0,13013.4748048,9637347.90249,12.767064144736848,918.9414473684212,276.4707236842105,2.0210800438596497
3,12,60,0,60,60058,060058,Ripi,,0,24716.9476768,31621742.2061,14.944071115288228,1116.3443609022556,296.5947368421052,1.6213815789473693
3,12,60,0,60,60059,060059,Rocca d'Arce,,0,17078.2066553,11339689.8893,14.107478070175436,991.3778947368422,294.0863157894737,1.8073684210526337
3,12,60,0,60,60060,060060,Roccasecca,,0,31843.1311574,43726238.194,14.581097709551658,988.688888888889,307.5489766081871,1.8240618908382074
3,12,60,0,60,60061,060061,San Biagio Saracinisco,,0,30434.3246296,31232968.1768,9.458607456140355,809.6700000000002,226.14447368421057,3.6165350877192983
3,12,60,0,60,60062,060062,San Donato Val di Comino,,0,25743.8666458,37671375.2868,10.249334273182965,849.1116541353384,240.8327067669173,3.1350407268170413
3,12,60,0,60,60063,060063,San Giorgio a Liri,,0,20596.2020306,15355445.8421,15.161787280701756,953.6894736842105,330.0718421052632,1.9348026315789473
3,12,60,0,60,60064,060064,San Giovanni Incarico,,0,25816.7998137,24309506.0904,15.04009868421052,1027.9894736842107,312.38052631578944,1.769254385964914
3,12,60,0,60,60065,060065,Sant'Ambrogio sul Garigliano,,0,11905.5927763,8741576.36578,15.037664473684211,928.5697368421053,327.62894736842105,1.922441520467837
3,12,60,0,60,60066,060066,Sant'Andrea del Garigliano,,0,18181.1914342,17341356.4309,14.64450840643275,925.6129385964914,324.42982456140356,2.1552448830409365
3,12,60,0,60,60067,060067,Sant'Apollinare,,0,21219.4039285,17687954.675,14.903399122807016,932.1031578947368,326.4465789473685,1.9978289473684216
3,12,60,0,60,60068,060068,Sant'Elia Fiumerapido,,0,34539.3012793,41304191.7079,13.46750959429825,898.4325657894736,290.0927631578948,2.0854989035087725
3,12,60,0,60,60069,060069,Santopadre,,0,20183.5075878,21505921.0235,13.29834429824561,937.5555263157894,288.4060526315789,2.075921052631579
3,12,60,0,60,60070,060070,San Vittore del Lazio,,0,26627.3580808,27645618.0948,13.382777255639102,864.0428571428573,308.49868421052633,2.2949561403508776
3,12,60,0,60,60071,060071,Serrone,,0,15254.4470596,15676485.717,13.270353618421051,915.214802631579,282.35855263157896,1.9174890350877198
3,12,60,0,60,60072,060072,Settefrati,,0,30127.1004236,50598615.8703,10.355585252192984,849.5439144736843,236.1965460526316,3.127878289473686
3,12,60,0,60,60073,060073,Sgurgola,,0,20784.8014034,18866158.7985,13.368658625730992,980.1260964912279,277.70197368421054,2.0921418128654965
3,12,60,0,60,60074,060074,Sora,,0,39378.3633266,72128406.7554,12.597911184210528,951.7225000000002,267.72473684210524,2.1236513157894743
3,12,60,0,60,60075,060075,Strangolagalli,,0,13775.8211612,10317312.0023,14.996080043859653,1084.6361842105266,301.48782894736854,1.5783168859649117
3,12,60,0,60,60076,060076,Supino,,0,28940.1791075,35721869.3535,13.341345551378444,1029.7479323308273,266.96428571428567,2.2388001253132814
3,12,60,0,60,60077,060077,Terelle,,0,25609.9655133,31540878.1363,12.187308114035092,874.1116228070176,276.0989035087719,2.636184210526316
3,12,60,0,60,60078,060078,Torre Cajetani,,0,14506.41594,11962954.8256,12.039555921052633,878.9917763157893,263.4605263157895,2.178097587719298
3,12,60,0,60,60079,060079,Torrice,,0,17250.9907257,18325247.7465,14.85078581871345,1141.5407894736843,289.65811403508764,1.6075292397660814
3,12,60,0,60,60080,060080,Trevi nel Lazio,,0,39771.4763824,53499045.5193,10.134964364035088,817.3870065789474,235.52648026315788,2.7658580043859633
3,12,60,0,60,60081,060081,Trivigliano,,0,14352.7973321,12743314.1832,12.937020285087723,939.3644736842106,270.9865131578947,1.9390899122807008
3,12,60,0,60,60082,060082,Vallecorsa,,0,30306.3646476,39369662.406,13.69628563596491,971.2840460526315,302.0840460526315,2.5913240131578927
3,12,60,0,60,60083,060083,Vallemaio,,0,24454.4553522,18472540.5291,14.549373433583956,929.2588345864663,323.36240601503766,2.2228226817042622
3,12,60,0,60,60084,060084,Vallerotonda,,0,42958.3345099,59518173.7718,11.143301435406698,818.7505980861243,264.2212918660287,2.940580143540672
3,12,60,0,60,60085,060085,Veroli,,0,55949.7752109,119089845.638,12.397578581871345,976.0362573099416,264.9146929824562,2.286019736842106
3,12,60,0,60,60086,060086,Vicalvi,,0,16108.7288487,8212869.02925,13.428746345029234,950.7706140350878,280.7298245614035,1.799305555555555
3,12,60,0,60,60087,060087,Vico nel Lazio,,0,39793.2146367,46050463.5919,10.195382553606239,874.0912280701755,221.57646198830406,2.8216617933723196
3,12,60,0,60,60088,060088,Villa Latina,,0,18081.155886,16860844.5244,12.494174890350873,869.6526315789476,275.7838815789474,2.266173245614034
3,12,60,0,60,60089,060089,Villa Santa Lucia,,0,26679.1555207,17678607.6909,14.866024436090227,952.1045112781952,319.6477443609023,1.8969454887218047
3,12,60,0,60,60090,060090,Villa Santo Stefano,,0,18964.7134493,19696037.2701,14.689934210526314,1058.4305263157898,302.2710526315789,2.08484649122807
3,12,60,0,60,60091,060091,Viticuso,,0,20414.5973704,21062990.3566,11.674972587719301,804.7664473684212,287.5214912280702,2.7813961988304103
